input_file,total_reference_tags,bible_reference_tags,non_bible_reference_tags,multi_book_osis_tags,other_osis_tags,duplicate_rows_removed
texts/AnteNiceneVolume1.html,3005,2714,2,0,0,289
texts/AnteNiceneVolume2.html,2621,2375,2,0,0,244
texts/AnteNiceneVolume3.html,3638,3195,10,265,0,433
texts/AnteNiceneVolume4.html,2474,2154,5,195,0,315
texts/AnteNiceneVolume5.html,3005,2592,15,80,0,398
texts/AnteNiceneVolume6.html,1308,1193,3,46,0,112
texts/AnteNiceneVolume7.html,1899,1610,87,2,0,202
texts/AnteNiceneVolume8.html,1370,1269,3,158,0,98
texts/AnteNiceneVolume9.html,4961,4575,18,230,0,368
