author_id,work_id,book,testament_group,osis_ref,passage
gregory_thau,writings,Isa,old_testament_or_other,Bible:Isa.56.3,Isa. lvi. 3
gregory_thau,writings,Num,old_testament_or_other,Bible:Num.1,Num. 1
gregory_thau,writings,Num,old_testament_or_other,Bible:Num.2,Num. 2
gregory_thau,writings,Num,old_testament_or_other,Bible:Num.4,Num. 4
gregory_thau,writings,Num,old_testament_or_other,Bible:Num.3 Bible:Num.5,"Num.
3, 5"
gregory_thau,writings,Jer,old_testament_or_other,Bible:Jer.12.1,"chap. xii.
1"
gregory_thau,writings,Job,old_testament_or_other,Bible:Job.20.20,Job xx. 20
gregory_thau,writings,Job,old_testament_or_other,Bible:Job.1.21 Bible:1Tim.6.7,"Job i. 21; 1 Tim. vi.
7"
gregory_thau,writings,Prov,old_testament_or_other,Bible:Prov.22.1,"Prov. xxii.
1"
gregory_thau,writings,1Kgs,old_testament_or_other,Bible:1Kgs.8.46 Bible:2Chr.6.36 Bible:Prov.20.9 Bible:1John.1.8,"1 Kings viii. 46; 2 Chron. vi.
36; Prov. xx. 9; 1 John i. 8"
gregory_thau,writings,1Cor,new_testament,Bible:1Cor.6.13,1 Cor. vi. 13
gregory_thau,writings,Matt,new_testament,Bible:Matt.15.11,Matt. xv. 11
gregory_thau,writings,Deut,old_testament_or_other,Bible:Deut.22.26-Deut.22.27,"Deut. xxii. 26, 27"
gregory_thau,writings,Gen,old_testament_or_other,Bible:Gen.18.23 Bible:Gen.18.25,"Gen. xviii. 23, 25"
gregory_thau,writings,Eph,new_testament,Bible:Eph.5.5-Eph.5.13,Eph. v. 5–13
gregory_thau,writings,Josh,old_testament_or_other,Bible:Josh.7,Josh. vii
gregory_thau,writings,Deut,old_testament_or_other,Bible:Deut.22.1-Deut.22.3,"Deut. xxii.
1–3"
gregory_thau,writings,Exod,old_testament_or_other,Bible:Exod.23.4,Ex. xxiii. 4
gregory_thau,writings,Luke,new_testament,Bible:Luke.21.2,Luke xxi. 2
gregory_thau,writings,Gen,old_testament_or_other,Bible:Gen.48.15,Gen. xlviii. 15
gregory_thau,writings,1Sam,old_testament_or_other,Bible:1Sam.18.1,1 Sam. xviii. 1
gregory_thau,writings,Col,new_testament,Bible:Col.2.8,Col. ii. 8
gregory_thau,writings,Isa,old_testament_or_other,Bible:Isa.22.22 Bible:Rev.3.7,"Isa. xxii. 22; Rev. iii.
7"
gregory_thau,writings,Eph,new_testament,Bible:Eph.3.8-Eph.3.9,"Eph iii. 8,
9"
gregory_thau,writings,Ps,old_testament_or_other,Bible:Ps.17,Ps. xvii
gregory_thau,writings,Ps,old_testament_or_other,Bible:Ps.37,Ps. cxxxvii
gregory_thau,writings,2Kgs,old_testament_or_other,Bible:2Kgs.24 Bible:2Kgs.25,2 Kings xxiv.; xxv
gregory_thau,dubious_writings,1Cor,new_testament,Bible:1Cor.8.6,1 Cor. viii. 6
gregory_thau,dubious_writings,John,new_testament,Bible:John.1.1,John i. 1
gregory_thau,dubious_writings,1Cor,new_testament,Bible:1Cor.3.6,1 Cor. iii. 6
gregory_thau,dubious_writings,John,new_testament,Bible:John.4.24,John iv. 24
gregory_thau,dubious_writings,Ps,old_testament_or_other,Bible:Ps.33.6,Ps. xxxiii. 6
gregory_thau,dubious_writings,Gen,old_testament_or_other,Bible:Gen.1.2,Gen. i. 2
gregory_thau,dubious_writings,Rom,new_testament,Bible:Rom.8.9,Rom. viii. 9
gregory_thau,dubious_writings,Rom,new_testament,Bible:Rom.8.11,Rom. viii. 11
gregory_thau,dubious_writings,Rom,new_testament,Bible:Rom.8.14-Rom.8.15,"Rom. viii. 14, 15"
gregory_thau,dubious_writings,Rom,new_testament,Bible:Rom.9.1,Rom. ix. 1
gregory_thau,dubious_writings,Rom,new_testament,Bible:Rom.15.13,Rom. xv. 13
gregory_thau,dubious_writings,2Cor,new_testament,Bible:2Cor.10.13-2Cor.10.16,2 Cor. x. 13–16
gregory_thau,dubious_writings,Rom,new_testament,Bible:Rom.15.20,Rom. xv. 20
gregory_thau,dubious_writings,Acts,new_testament,Bible:Acts.13.2-Acts.13.3,"Acts xiii.
2, 3"
gregory_thau,dubious_writings,Gal,new_testament,Bible:Gal.2.8-Gal.2.9,"Gal. ii. 8, 9"
gregory_thau,dubious_writings,Rom,new_testament,Bible:Rom.15.15-Rom.15.19,"Rom. xv.
15–19"
gregory_thau,dubious_writings,Rom,new_testament,Bible:Rom.15.30,Rom. xv. 30
gregory_thau,dubious_writings,1Cor,new_testament,Bible:1Cor.2.4-1Cor.2.5,"1 Cor. ii. 4, 5"
gregory_thau,dubious_writings,1Cor,new_testament,Bible:1Cor.2.9-1Cor.2.11,"1 Cor. ii.
9–11"
gregory_thau,dubious_writings,1Cor,new_testament,Bible:1Cor.2.14,1 Cor. ii. 14
gregory_thau,dubious_writings,Matt,new_testament,Bible:Matt.28.19,Matt. xxviii. 19
gregory_thau,dubious_writings,2Cor,new_testament,Bible:2Cor.13.13,2 Cor. xiii. 13
gregory_thau,dubious_writings,2Cor,new_testament,Bible:2Cor.1.21-2Cor.1.22,"2 Cor. i. 21, 22"
gregory_thau,dubious_writings,2Cor,new_testament,Bible:2Cor.3.15-2Cor.3.18,"2 Cor. iii.
15–18"
gregory_thau,dubious_writings,2Cor,new_testament,Bible:2Cor.5.4-2Cor.5.5,"2 Cor. v. 4, 5"
gregory_thau,dubious_writings,2Cor,new_testament,Bible:2Cor.6.4,2 Cor. vi. 4
gregory_thau,dubious_writings,2Cor,new_testament,Bible:2Cor.6.6-2Cor.6.7,"2 Cor. vi. 6, 7"
gregory_thau,dubious_writings,1Cor,new_testament,Bible:1Cor.3.16-1Cor.3.17,"1 Cor. iii. 16, 17"
gregory_thau,dubious_writings,1Cor,new_testament,Bible:1Cor.6.11,1 Cor. vi. 11
gregory_thau,dubious_writings,1Cor,new_testament,Bible:1Cor.6.19,1 Cor. vi. 19
gregory_thau,dubious_writings,1Cor,new_testament,Bible:1Cor.7.40,1 Cor. vii. 40
gregory_thau,dubious_writings,1Cor,new_testament,Bible:1Cor.10.4,1 Cor. x. 4
gregory_thau,dubious_writings,1Cor,new_testament,Bible:1Cor.12.3-1Cor.12.13,"1 Cor. xii.
3–13"
gregory_thau,dubious_writings,Gal,new_testament,Bible:Gal.1.8-Gal.1.9,"Gal. i.
8, 9"
gregory_thau,dubious_writings,Heb,new_testament,Bible:Heb.2.3-Heb.2.4,"Heb. ii. 3, 4"
gregory_thau,dubious_writings,Heb,new_testament,Bible:Heb.3.7-Heb.3.11,"Heb. iii.
7–11"
gregory_thau,dubious_writings,2Cor,new_testament,Bible:2Cor.10.16,2 Cor. x. 16
gregory_thau,dubious_writings,Acts,new_testament,Bible:Acts.15.39-Acts.15.40,"Acts xv. 39, 40"
gregory_thau,dubious_writings,2Tim,new_testament,Bible:2Tim.4.21,2 Tim. iv. 21
gregory_thau,dubious_writings,John,new_testament,Bible:John.17.6,John xvii. 6
gregory_thau,dubious_writings,Matt,new_testament,Bible:Matt.3.17,Matt. iii. 17
gregory_thau,dubious_writings,John,new_testament,Bible:John.1.18,John i. 18
gregory_thau,dubious_writings,1Cor,new_testament,Bible:1Cor.15.47,1 Cor. xv. 47
gregory_thau,dubious_writings,1Cor,new_testament,Bible:1Cor.15.45,1 Cor. xv. 45
gregory_thau,dubious_writings,Luke,new_testament,Bible:Luke.1.34,Luke i. 34
gregory_thau,dubious_writings,Luke,new_testament,Bible:Luke.1.35,Luke i. 35
gregory_thau,dubious_writings,Matt,new_testament,Bible:Matt.1.20-Matt.1.21,"Matt. i. 20, 21"
gregory_thau,dubious_writings,John,new_testament,Bible:John.8.58,John viii. 58
gregory_thau,dubious_writings,John,new_testament,Bible:John.13 Bible:John.16,John xiii. and xvi
gregory_thau,dubious_writings,Matt,new_testament,Bible:Matt.16.21,Matt. xvi. 21
gregory_thau,dubious_writings,Matt,new_testament,Bible:Matt.26.64 Bible:Mark.14.62,"Matt. xxvi. 64; Mark xiv.
62"
gregory_thau,dubious_writings,Matt,new_testament,Bible:Matt.16.27,Matt. xvi. 27
gregory_thau,dubious_writings,Isa,old_testament_or_other,Bible:Isa.9 Bible:Matt.4 Bible:John.1 Bible:John.3 Bible:John.8 Bible:John.9 Bible:John.12,"Isa. ix.; Matt. iv.; John i.;
iii.; viii.; ix.; xii"
gregory_thau,dubious_writings,John,new_testament,Bible:John.11.25 Bible:John.14.6,"John xi. 25; xiv.
6"
gregory_thau,dubious_writings,John,new_testament,Bible:John.10.10,John x. 10
gregory_thau,dubious_writings,John,new_testament,Bible:John.8.51,John viii. 51
gregory_thau,dubious_writings,John,new_testament,Bible:John.8.40,John viii. 40
gregory_thau,dubious_writings,John,new_testament,Bible:John.2.20-John.2.21,"John ii. 20, 21"
gregory_thau,dubious_writings,Mal,old_testament_or_other,Bible:Mal.3.6,Mal. iii. 6
gregory_thau,dubious_writings,Ps,old_testament_or_other,Bible:Ps.16.10 Bible:Acts.2.31,"Ps. xvi. 10; Acts ii.
31"
gregory_thau,dubious_writings,John,new_testament,Bible:John.10.17,John x. 17
gregory_thau,dubious_writings,John,new_testament,Bible:John.6.55,John vi. 55
gregory_thau,dubious_writings,John,new_testament,Bible:John.6.56,John vi. 56
gregory_thau,dubious_writings,Isa,old_testament_or_other,Bible:Isa.53.4,Isa. liii. 4
gregory_thau,dubious_writings,John,new_testament,Bible:John.11.33 Bible:John.12.27 Bible:John.13.21,"John xi. 33; xii. 27; xiii.
21"
gregory_thau,dubious_writings,Matt,new_testament,Bible:Matt.26.38,Matt. xxvi. 38
gregory_thau,dubious_writings,Isa,old_testament_or_other,Bible:Isa.53.5,Isa. liii. 5
gregory_thau,dubious_writings,Bar,deuterocanonical,Bible:Bar.3.38,Baruch iii. 38
gregory_thau,dubious_writings,Luke,new_testament,Bible:Luke.2.14,Luke ii. 14
gregory_thau,dubious_writings,John,new_testament,Bible:John.16.33,John xvi. 33
gregory_thau,dubious_writings,Rom,new_testament,Bible:Rom.5.12 Bible:Rom.8.3,"Rom. v. 12; viii.
3"
gregory_thau,dubious_writings,Acts,new_testament,Bible:Acts.1.7,Acts i. 7
gregory_thau,dubious_writings,Isa,old_testament_or_other,Bible:Isa.53.8,Isa. liii. 8
gregory_thau,dubious_writings,Isa,old_testament_or_other,Bible:Isa.52.5,Isa. lii. 5
gregory_thau,dubious_writings,Ps,old_testament_or_other,Bible:Ps.96.11-Ps.96.13,"Ps. xcvi.
11–13"
gregory_thau,dubious_writings,Matt,new_testament,Bible:Matt.3.8,Matt. iii. 8
gregory_thau,dubious_writings,John,new_testament,Bible:John.16.22,John xvi. 22
gregory_thau,dubious_writings,Luke,new_testament,Bible:Luke.1.28,Luke i. 28
gregory_thau,dubious_writings,Luke,new_testament,Bible:Luke.1.29,Luke i. 29
gregory_thau,dubious_writings,Ps,old_testament_or_other,Bible:Ps.46.4,Ps. xlvi. 4
gregory_thau,dubious_writings,Ps,old_testament_or_other,Bible:Ps.45.2,Ps. xlv. 2
gregory_thau,dubious_writings,Ps,old_testament_or_other,Bible:Ps.32.8,Ps. cxxxii. 8
gregory_thau,dubious_writings,Ps,old_testament_or_other,Bible:Ps.45.10-Ps.45.11,"Ps. xlv. 10, 11"
gregory_thau,dubious_writings,Luke,new_testament,Bible:Luke.2.4-Luke.2.7,Luke ii. 4–7
gregory_thau,dubious_writings,Ps,old_testament_or_other,Bible:Ps.4.2,Ps. civ. 2
gregory_thau,dubious_writings,Ps,old_testament_or_other,Bible:Ps.80.1,Ps. lxxx. 1
gregory_thau,dubious_writings,2Cor,new_testament,Bible:2Cor.8.9,2 Cor. viii. 9
gregory_thau,dubious_writings,Luke,new_testament,Bible:Luke.2.10,Luke ii. 10
gregory_thau,dubious_writings,Matt,new_testament,Bible:Matt.28.9,Matt. xxviii. 9
gregory_thau,dubious_writings,1Thess,new_testament,Bible:1Thess.5.16-1Thess.5.18,"1 Thess. v.
16–18"
gregory_thau,dubious_writings,Ezek,old_testament_or_other,Bible:Ezek.1.22 Bible:Ezek.1.26 Bible:Ezek.1.27,"Ezek. i. 22, 26,
27"
gregory_thau,dubious_writings,Amos,old_testament_or_other,Bible:Amos.8.10,Amos viii. 10
gregory_thau,dubious_writings,Jer,old_testament_or_other,Bible:Jer.31,Jer. xxxi
gregory_thau,dubious_writings,John,new_testament,Bible:John.1,John 1
gregory_thau,dubious_writings,John,new_testament,Bible:John.17.2,John xvii. 2
gregory_thau,dubious_writings,John,new_testament,Bible:John.5.39,John v. 39
gregory_thau,dubious_writings,Rom,new_testament,Bible:Rom.5.14,Rom. v. 14
gregory_thau,dubious_writings,Luke,new_testament,Bible:Luke.1.26-Luke.1.27,"Luke i. 26, 27"
gregory_thau,dubious_writings,Exod,old_testament_or_other,Bible:Exod.15.23,Exod. xv. 23
gregory_thau,dubious_writings,Exod,old_testament_or_other,Bible:Exod.12.2,Ex. xii. 2
gregory_thau,dubious_writings,Luke,new_testament,Bible:Luke.1.41,Luke i. 41
gregory_thau,dubious_writings,Luke,new_testament,Bible:Luke.1.42-Luke.1.43,"Luke i. 42, 43"
gregory_thau,dubious_writings,Luke,new_testament,Bible:Luke.1.46,Luke i. 46
gregory_thau,dubious_writings,Gen,old_testament_or_other,Bible:Gen.17.11 Bible:Rom.4.11,"Gen. xvii. 11; Rom. iv.
11"
gregory_thau,dubious_writings,Luke,new_testament,Bible:Luke.1.51,Luke i. 51
gregory_thau,dubious_writings,Isa,old_testament_or_other,Bible:Isa.14.14,Isa. xiv. 14
gregory_thau,dubious_writings,Isa,old_testament_or_other,Bible:Isa.14.15,Isa. xiv. 15
gregory_thau,dubious_writings,Matt,new_testament,Bible:Matt.15.27,Matt. xv. 27
gregory_thau,dubious_writings,Luke,new_testament,Bible:Luke.1.54,Luke i. 54
gregory_thau,dubious_writings,Ps,old_testament_or_other,Bible:Ps.18.9,Ps. xviii. 9
gregory_thau,dubious_writings,Luke,new_testament,Bible:Luke.2.7,Luke ii. 7
gregory_thau,dubious_writings,Luke,new_testament,Bible:Luke.1.36,Luke i. 36
gregory_thau,dubious_writings,Isa,old_testament_or_other,Bible:Isa.7.14,Isa. vii. 14
gregory_thau,dubious_writings,Isa,old_testament_or_other,Bible:Isa.29.11,Isa. xxix. 11
gregory_thau,dubious_writings,Ps,old_testament_or_other,Bible:Ps.87.3,Ps. lxxxvii. 3
gregory_thau,dubious_writings,Gen,old_testament_or_other,Bible:Gen.18,"Gen.
xviii."
gregory_thau,dubious_writings,Ps,old_testament_or_other,Bible:Ps.72.6,Ps. lxxii. 6
gregory_thau,dubious_writings,Eph,new_testament,Bible:Eph.2.14,Eph. ii. 14
gregory_thau,dubious_writings,Matt,new_testament,Bible:Matt.3.13,Matt. iii. 13
gregory_thau,dubious_writings,Matt,new_testament,Bible:Matt.3.14,Matt. iii. 14
gregory_thau,dubious_writings,Matt,new_testament,Bible:Matt.3.3 Bible:Mark.1.3 Bible:Luke.3.4 Bible:John.1.23,"Matt. iii. 3; Mark i. 3; Luke
iii. 4; John i. 23"
gregory_thau,dubious_writings,Heb,new_testament,Bible:Heb.1.3,Heb. i. 3
gregory_thau,dubious_writings,John,new_testament,Bible:John.1.9,John i. 9
gregory_thau,dubious_writings,Luke,new_testament,Bible:Luke.3.16 Bible:John.1.27,"Luke iii. 16; John i.
27"
gregory_thau,dubious_writings,Ps,old_testament_or_other,Bible:Ps.36.6,Ps. cxxxvi. 6
gregory_thau,dubious_writings,John,new_testament,Bible:John.1.29,John i. 29
gregory_thau,dubious_writings,Matt,new_testament,Bible:Matt.3.17 Bible:Matt.17.5 Bible:Mark.1.11 Bible:Luke.9.35,"Matt. iii. 17; xvii. 5; Mark
i. 11; Luke ix. 35"
gregory_thau,dubious_writings,John,new_testament,Bible:John.10.30,John x. 30
gregory_thau,dubious_writings,John,new_testament,Bible:John.14.9,John xiv. 9
gregory_thau,dubious_writings,John,new_testament,Bible:John.14.28,John xiv. 28
gregory_thau,dubious_writings,Matt,new_testament,Bible:Matt.16.13,Matt. xvi. 13
gregory_thau,dubious_writings,Matt,new_testament,Bible:Matt.16.16,Matt. xvi. 16
gregory_thau,dubious_writings,1Cor,new_testament,Bible:1Cor.15.55,1 Cor. xv. 55
gregory_thau,dubious_writings,Matt,new_testament,Bible:Matt.6.22-Matt.6.23,"Chapter VI.
22, 23"
dionysius,extant_fragments,1Pet,new_testament,Bible:1Pet.5.5,"1 Pet.
v. 5"
dionysius,extant_fragments,Rev,new_testament,Bible:Rev.22.7-Rev.22.8,"Rev. xxii. 7, 8"
dionysius,extant_fragments,Rev,new_testament,Bible:Rev.1.1-Rev.1.2,"Rev. i. 1, 2"
dionysius,extant_fragments,1John,new_testament,Bible:1John.1.1,1 John i. 1
dionysius,extant_fragments,Matt,new_testament,Bible:Matt.16.17,Matt. xvi. 17
dionysius,extant_fragments,Rev,new_testament,Bible:Rev.1.9,Rev. i. 9
dionysius,extant_fragments,Acts,new_testament,Bible:Acts.13.5,Acts xiii. 5
dionysius,extant_fragments,Acts,new_testament,Bible:Acts.13.13,Acts xiii. 13
dionysius,extant_fragments,John,new_testament,Bible:John.1.14,John i. 14
dionysius,extant_fragments,1John,new_testament,Bible:1John.1.1-1John.1.2,"1 John i. 1, 2"
dionysius,extant_fragments,1John,new_testament,Bible:1John.1.2-1John.1.3,"1 John i. 2, 3"
dionysius,extant_fragments,Gen,old_testament_or_other,Bible:Gen.1.31,Gen. i. 31
dionysius,extant_fragments,Ps,old_testament_or_other,Bible:Ps.39.16,Ps. cxxxix. 16
dionysius,extant_fragments,Isa,old_testament_or_other,Bible:Isa.37.22-Isa.37.23,"Isa. xxxvii. 22,
23"
dionysius,extant_fragments,Job,old_testament_or_other,Bible:Job.14.1,Job xiv. 1
dionysius,extant_fragments,1Cor,new_testament,Bible:1Cor.15.41,1 Cor. xv. 41
dionysius,extant_fragments,Ps,old_testament_or_other,Bible:Ps.4.23,Ps. civ. 23
dionysius,extant_fragments,Sir,deuterocanonical,Bible:Sir.16.26-Sir.16.27,"Ecclus. xvi. 26,
27"
dionysius,extant_fragments,Amos,old_testament_or_other,Bible:Amos.3.3,Amos iii. 3
dionysius,extant_fragments,Ps,old_testament_or_other,Bible:Ps.19.73,Ps. cxix. 73
dionysius,extant_fragments,Job,old_testament_or_other,Bible:Job.10.10-Job.10.12,Job x. 10–12
dionysius,extant_fragments,Ps,old_testament_or_other,Bible:Ps.39.12-Ps.39.16,"Ps.
cxxxix. 12–16"
dionysius,extant_fragments,Eccl,old_testament_or_other,Bible:Eccl.3.11,Eccles. iii. 11
dionysius,extant_fragments,Jer,old_testament_or_other,Bible:Jer.48.10,Jer. xlviii. 10
dionysius,extant_fragments,Ps,old_testament_or_other,Bible:Ps.19.1,Ps. xix. 1
dionysius,extant_fragments,Ps,old_testament_or_other,Bible:Ps.33.5,Ps. xxxiii. 5
dionysius,extant_fragments,Ps,old_testament_or_other,Bible:Ps.24.1,Ps. xxiv. 1
dionysius,extant_fragments,Sir,deuterocanonical,Bible:Sir.16.29-Sir.16.30,"Ecclus. xvi. 29, 30"
dionysius,extant_fragments,Prov,old_testament_or_other,Bible:Prov.8.30,Prov. viii. 30
dionysius,extant_fragments,John,new_testament,Bible:John.4.24,John iv. 24
dionysius,extant_fragments,Wis,deuterocanonical,Bible:Wis.7.25,Wisd. vii. 25
dionysius,extant_fragments,Rom,new_testament,Bible:Rom.2.13 Bible:Jas.4.12,"Rom. ii. 13; James iv.
12"
dionysius,extant_fragments,Isa,old_testament_or_other,Bible:Isa.5.7,Isa. v. 7
dionysius,extant_fragments,John,new_testament,Bible:John.1.1,John i. 1
dionysius,extant_fragments,Ps,old_testament_or_other,Bible:Ps.45.1,Ps. xlv. 1
dionysius,extant_fragments,Matt,new_testament,Bible:Matt.28.1,Matt. xxviii. 1
dionysius,extant_fragments,John,new_testament,Bible:John.20.1,John xx. 1
dionysius,extant_fragments,Matt,new_testament,Bible:Matt.28.1-Matt.28.6,"Matt. xxviii.
1–6"
dionysius,extant_fragments,Luke,new_testament,Bible:Luke.23.56 Bible:Luke.24.1-Luke.24.2,"Luke xxiii. 56; xxiv. 1,
2"
dionysius,extant_fragments,Mark,new_testament,Bible:Mark.16.1-Mark.16.2,"Mark xvi. 1, 2"
dionysius,extant_fragments,1Tim,new_testament,Bible:1Tim.4.8,1 Tim. iv. 8
dionysius,extant_fragments,2Cor,new_testament,Bible:2Cor.11.27,2 Cor. xi. 27
dionysius,extant_fragments,Matt,new_testament,Bible:Matt.9.20 Bible:Luke.8.43,"Matt. ix. 20; Luke viii.
43"
dionysius,extant_fragments,1Cor,new_testament,Bible:1Cor.7.5,1 Cor. vii. 5
dionysius,extant_fragments,Rom,new_testament,Bible:Rom.14.23,Rom. xiv. 23
dionysius,extant_fragments,2Cor,new_testament,Bible:2Cor.1.24,"2 Cor. i.
24"
dionysius,extant_fragments,Isa,old_testament_or_other,Bible:Isa.49.8,Isa. xlix. 8
dionysius,extant_fragments,Num,old_testament_or_other,Bible:Num.10,Num. x.
dionysius,extant_fragments,Jas,new_testament,Bible:Jas.1.27,"James i.
27"
dionysius,extant_fragments,Heb,new_testament,Bible:Heb.10.30,Heb. x. 30
dionysius,extant_fragments,Matt,new_testament,Bible:Matt.5.10 Bible:Matt.5.12,"Matt. v. 10, 12"
dionysius,extant_fragments,1Cor,new_testament,Bible:1Cor.6.2,"1 Cor.
vi. 2"
dionysius,extant_fragments,Ezek,old_testament_or_other,Bible:Ezek.33.11,Ezek. xxxiii. 11
dionysius,extant_fragments,1Thess,new_testament,Bible:1Thess.5.21,1 Thess. v. 21
dionysius,extant_fragments,Jer,old_testament_or_other,Bible:Jer.15.19,Jer. xv. 19
dionysius,extant_fragments,Deut,old_testament_or_other,Bible:Deut.19.14,Deut. xix. 14
dionysius,extant_fragments,Tob,deuterocanonical,Bible:Tob.12.7,Tobit xii. 7
dionysius,extant_fragments,Acts,new_testament,Bible:Acts.5.29,Acts v. 29
dionysius,extant_fragments,1Cor,new_testament,Bible:1Cor.5.3,1 Cor. v. 3
dionysius,extant_fragments,Acts,new_testament,Bible:Acts.14.27 Bible:Rev.3.8,"Acts xiv. 27; Rev. iii.
8"
dionysius,extant_fragments,Rev,new_testament,Bible:Rev.13.5,Rev. xiii. 5
dionysius,extant_fragments,Ezek,old_testament_or_other,Bible:Ezek.13.3,Ezek. xiii. 3
dionysius,extant_fragments,Isa,old_testament_or_other,Bible:Isa.66.3-Isa.66.4,"Isa. lxvi. 3, 4"
dionysius,extant_fragments,Isa,old_testament_or_other,Bible:Isa.42.9,Isa. xlii. 9
dionysius,extant_fragments,Rom,new_testament,Bible:Rom.13.4 Bible:Rom.13.6,"Rom. xiii. 4, 6"
dionysius,extant_fragments,Exod,old_testament_or_other,Bible:Exod.12.30,Ex. xii. 30
dionysius,extant_fragments,1Cor,new_testament,Bible:1Cor.4.13,1 Cor. iv. 13
dionysius,exegetical_fragments,Eccl,old_testament_or_other,Bible:Eccl.1.1,"<span class=""sc"" id=""iv.iv.i.i-p8.2"">Ver</span>. 1"
dionysius,exegetical_fragments,Matt,new_testament,Bible:Matt.1.1,Matt. i. 1
dionysius,exegetical_fragments,Eccl,old_testament_or_other,Bible:Eccl.1.3,3
dionysius,exegetical_fragments,Eccl,old_testament_or_other,Bible:Eccl.1.4,4
dionysius,exegetical_fragments,Eccl,old_testament_or_other,Bible:Eccl.1.16,16
dionysius,exegetical_fragments,Eccl,old_testament_or_other,Bible:Eccl.1.17,17
dionysius,exegetical_fragments,Eccl,old_testament_or_other,Bible:Eccl.1.18,18
dionysius,exegetical_fragments,1Cor,new_testament,Bible:1Cor.3.19,1 Cor. iii. 19
dionysius,exegetical_fragments,1Kgs,old_testament_or_other,Bible:1Kgs.4.32,1 Kings iv. 32
dionysius,exegetical_fragments,Eccl,old_testament_or_other,Bible:Eccl.2.1,Ver. 1
dionysius,exegetical_fragments,Eccl,old_testament_or_other,Bible:Eccl.2.2,2
dionysius,exegetical_fragments,Eccl,old_testament_or_other,Bible:Eccl.2.3,3
dionysius,exegetical_fragments,Eccl,old_testament_or_other,Bible:Eccl.2.4,4
dionysius,exegetical_fragments,Eccl,old_testament_or_other,Bible:Eccl.2.5,5
dionysius,exegetical_fragments,Eccl,old_testament_or_other,Bible:Eccl.2.6,6
dionysius,exegetical_fragments,Eccl,old_testament_or_other,Bible:Eccl.2.7,7
dionysius,exegetical_fragments,Eccl,old_testament_or_other,Bible:Eccl.2.8,8
dionysius,exegetical_fragments,Eccl,old_testament_or_other,Bible:Eccl.2.9,9
dionysius,exegetical_fragments,Eccl,old_testament_or_other,Bible:Eccl.2.10,10
dionysius,exegetical_fragments,Ps,old_testament_or_other,Bible:Ps.31.5,Ps. xxxi. 5
dionysius,exegetical_fragments,Eccl,old_testament_or_other,Bible:Eccl.2.12,12
dionysius,exegetical_fragments,Eccl,old_testament_or_other,Bible:Eccl.2.13,13
dionysius,exegetical_fragments,John,new_testament,Bible:John.3.19,John iii. 19
dionysius,exegetical_fragments,Eccl,old_testament_or_other,Bible:Eccl.2.14,14
dionysius,exegetical_fragments,Ps,old_testament_or_other,Bible:Ps.19.6,Ps. cxix. 6
dionysius,exegetical_fragments,Eph,new_testament,Bible:Eph.5.23,Eph. v. 23
dionysius,exegetical_fragments,John,new_testament,Bible:John.14.6,John xiv. 6
dionysius,exegetical_fragments,Ps,old_testament_or_other,Bible:Ps.36.6,Ps. xxxvi. 6
dionysius,exegetical_fragments,Eccl,old_testament_or_other,Bible:Eccl.2.15,15
dionysius,exegetical_fragments,Eccl,old_testament_or_other,Bible:Eccl.2.16,16
dionysius,exegetical_fragments,Prov,old_testament_or_other,Bible:Prov.10.7,Prov. x. 7
dionysius,exegetical_fragments,Eccl,old_testament_or_other,Bible:Eccl.2.24,24
dionysius,exegetical_fragments,Eccl,old_testament_or_other,Bible:Eccl.2.25,25
dionysius,exegetical_fragments,Eccl,old_testament_or_other,Bible:Eccl.7.2,Eccles. vii. 2
dionysius,exegetical_fragments,Prov,old_testament_or_other,Bible:Prov.9.5,Prov. ix. 5
dionysius,exegetical_fragments,Eccl,old_testament_or_other,Bible:Eccl.3.3,Ver. 3
dionysius,exegetical_fragments,Eccl,old_testament_or_other,Bible:Eccl.3.4,4
dionysius,exegetical_fragments,Luke,new_testament,Bible:Luke.6.25 Bible:John.16.20,"Luke vi. 25; John xvi.
20"
dionysius,exegetical_fragments,John,new_testament,Bible:John.16.20,John xvi. 20
dionysius,exegetical_fragments,2Sam,old_testament_or_other,Bible:2Sam.6.14,"2 Sam. vi.
14"
dionysius,exegetical_fragments,Eccl,old_testament_or_other,Bible:Eccl.3.6,6
dionysius,exegetical_fragments,Eccl,old_testament_or_other,Bible:Eccl.3.7,7
dionysius,exegetical_fragments,Titus,new_testament,Bible:Titus.3.10,Tit. iii. 10
dionysius,exegetical_fragments,Eccl,old_testament_or_other,Bible:Eccl.3.10,10
dionysius,exegetical_fragments,Eccl,old_testament_or_other,Bible:Eccl.3.11,11
dionysius,exegetical_fragments,Ps,old_testament_or_other,Bible:Ps.2.24,Ps. cii. 24
dionysius,exegetical_fragments,Luke,new_testament,Bible:Luke.22.42-Luke.22.48,"Chap. XXII.
42–48"
dionysius,exegetical_fragments,Luke,new_testament,Bible:Luke.22.42,Ver. 42
dionysius,exegetical_fragments,Mark,new_testament,Bible:Mark.14.36,Mark xiv. 36
dionysius,exegetical_fragments,John,new_testament,Bible:John.18.11,John xviii. 11
dionysius,exegetical_fragments,Luke,new_testament,Bible:Luke.22.43,43
dionysius,exegetical_fragments,Luke,new_testament,Bible:Luke.22.44,44
dionysius,exegetical_fragments,John,new_testament,Bible:John.10.18,John x. 18
dionysius,exegetical_fragments,Luke,new_testament,Bible:Luke.22.45,45
dionysius,exegetical_fragments,Luke,new_testament,Bible:Luke.22.46,46
dionysius,exegetical_fragments,1John,new_testament,Bible:1John.5.19,1 John v. 19
dionysius,exegetical_fragments,Ps,old_testament_or_other,Bible:Ps.90.10,Ps. xc. 10
dionysius,exegetical_fragments,Matt,new_testament,Bible:Matt.4.1,Matt. iv. 1
dionysius,exegetical_fragments,Jas,new_testament,Bible:Jas.1.13,James i. 13
dionysius,exegetical_fragments,Luke,new_testament,Bible:Luke.22.47,47
dionysius,exegetical_fragments,Luke,new_testament,Bible:Luke.22.48,48
dionysius,exegetical_fragments,Luke,new_testament,Bible:Luke.22.42,"Luke XXII.
42"
dionysius,exegetical_fragments,Luke,new_testament,Bible:Luke.22.42,"Luke
xxii. 42"
dionysius,exegetical_fragments,Luke,new_testament,Bible:Luke.22.46,"Luke XXII.
46"
dionysius,exegetical_fragments,Gen,old_testament_or_other,Bible:Gen.3.17,Gen. iii. 17
dionysius,exegetical_fragments,Gen,old_testament_or_other,Bible:Gen.3.19,Gen. iii. 19
dionysius,exegetical_fragments,John,new_testament,Bible:John.16.33,John xvi. 33
dionysius,exegetical_fragments,Ps,old_testament_or_other,Bible:Ps.34.19,Ps. xxxiv. 19
dionysius,exegetical_fragments,John,new_testament,Bible:John.8.12,"John VIII.
12"
juliusafricanus,aristides,Matt,new_testament,Bible:Matt.1.1-Matt.1.17,Matt. i. 1–17
juliusafricanus,aristides,Matt,new_testament,Bible:Matt.1.16,Matt. i. 16
juliusafricanus,aristides,Exod,old_testament_or_other,Bible:Exod.6.23,Ex. vi. 23
juliusafricanus,aristides,Exod,old_testament_or_other,Bible:Exod.6.25,Ex. vi. 25
juliusafricanus,aristides,Heb,new_testament,Bible:Heb.7.14,Heb. vii. 14
juliusafricanus,aristides,1Cor,new_testament,Bible:1Cor.15.12,1 Cor. xv. 12
juliusafricanus,aristides,Luke,new_testament,Bible:Luke.3.23-Luke.3.24,"Luke iii. 23,
24"
juliusafricanus,aristides,Exod,old_testament_or_other,Bible:Exod.12.19,Ex. xii. 19
juliusafricanus,extant_fragments,Dan,old_testament_or_other,Bible:Dan.9.24,Dan. ix. 24
juliusafricanus,extant_fragments,Dan,old_testament_or_other,Bible:Dan.8.1,Dan. viii. 1
juliusafricanus,extant_fragments,Dan,old_testament_or_other,Bible:Dan.8.13-Dan.8.14,"Dan. viii. 13, 14"
anatolius,paschal,Exod,old_testament_or_other,Bible:Exod.12.18-Exod.12.19,"Exod. xii. 18, 19"
anatolius,paschal,Exod,old_testament_or_other,Bible:Exod.12.15 Bible:Lev.23.6,"Exod. xii. 15; Levit. xxiii.
6"
anatolius,paschal,Matt,new_testament,Bible:Matt.26.17 Bible:Mark.14.12 Bible:Luke.22.7,"Matt. xxvi. 17; Mark xiv. 12;
Luke xxii. 7"
anatolius,paschal,Matt,new_testament,Bible:Matt.26.38,Matt. xxvi. 38
anatolius,paschal,Luke,new_testament,Bible:Luke.15.6,Luke xv. 6
anatolius,paschal,Lev,old_testament_or_other,Bible:Lev.23.5-Lev.23.7,"Levit. xxiii.
5–7"
anatolius,paschal,Wis,deuterocanonical,Bible:Wis.11.20 Bible:Sir.38.29 Bible:Sir.42.7,"Wisd. xi. 20; Ecclus. xxxviii. 29 and
xlii. 7"
alexander_capp,epistles,Acts,new_testament,Bible:Acts.13.15,Acts xiii. 15
alexander_capp,epistles,1Cor,new_testament,Bible:1Cor.14,1 Cor. xiv.
theognostus,hypotyposes,Jas,new_testament,Bible:Jas.1.4,"James
i. 4"
theognostus,hypotyposes,John,new_testament,Bible:John.16.12-John.16.13,"John xvi. 12, 13"
theognostus,hypotyposes,Heb,new_testament,Bible:Heb.6.4,Heb. vi. 4
theognostus,hypotyposes,Matt,new_testament,Bible:Matt.12.31,Matt. xii. 31
pierus,fragments,1Cor,new_testament,Bible:1Cor.7.7,1 Cor. vii. 7
pierus,fragments,Matt,new_testament,Bible:Matt.19.12,Matt. xix. 12
theonas,epistle_to_lucianus,Matt,new_testament,Bible:Matt.5.16,Matt. v. 16
theonas,epistle_to_lucianus,Eph,new_testament,Bible:Eph.5.4-Eph.5.5,"Eph. v. 4, 5"
theonas,epistle_to_lucianus,1Pet,new_testament,Bible:1Pet.4.11,1 Peter iv. 11
theonas,epistle_to_lucianus,1Cor,new_testament,Bible:1Cor.9.25,1 Cor. ix. 25
theonas,epistle_to_lucianus,Matt,new_testament,Bible:Matt.24.45 Bible:Matt.24.47,"Matt. xxiv. 45, 47"
theonas,epistle_to_lucianus,1Tim,new_testament,Bible:1Tim.5.2,1 Tim. v. 2
theonas,epistle_to_lucianus,Col,new_testament,Bible:Col.4.6,Col. iv. 6
theonas,epistle_to_lucianus,2Cor,new_testament,Bible:2Cor.11.19,2 Cor. xi. 19
theonas,epistle_to_lucianus,Mark,new_testament,Bible:Mark.11.25,Mark xi. 25
theonas,epistle_to_lucianus,Rom,new_testament,Bible:Rom.16.20,Rom. xvi. 20
theonas,epistle_to_lucianus,Phil,new_testament,Bible:Phil.4.7,Phil. iv. 7
phileas,epistle_to_thmuis,Phil,new_testament,Bible:Phil.2.6-Phil.2.8,"Phil. ii.
6–8"
phileas,epistle_to_thmuis,1John,new_testament,Bible:1John.4.18,1 John iv. 18
phileas,epistle_to_thmuis,Exod,old_testament_or_other,Bible:Exod.22.20,Exod. xxii. 20
phileas,epistle_to_thmuis,Exod,old_testament_or_other,Bible:Exod.20.3,Exod. xx. 3
phileas,epistle_to_meletius,1Tim,new_testament,Bible:1Tim.5.22,1 Tim. v. 22
malchion,fragments,1Tim,new_testament,Bible:1Tim.6.5,1 Tim. vi. 5
malchion,fragments,Prov,old_testament_or_other,Bible:Prov.6,"Proverbs
vi"
malchion,fragments,Sir,deuterocanonical,Bible:Sir.25,Ecclesiasticus xxv
archelaus,manes_disputation,Heb,new_testament,Bible:Heb.6.8,Heb. vi. 8
archelaus,manes_disputation,Matt,new_testament,Bible:Matt.7.18,Matt. vii. 18
archelaus,manes_disputation,John,new_testament,Bible:John.1.18,John i. 18
archelaus,manes_disputation,1Cor,new_testament,Bible:1Cor.7.35,1 Cor. vii. 35
archelaus,manes_disputation,Ezek,old_testament_or_other,Bible:Ezek.27.15,Ezek. xxvii. 15
archelaus,manes_disputation,John,new_testament,Bible:John.16.8,"John xvi.
8"
archelaus,manes_disputation,1Cor,new_testament,Bible:1Cor.13.9,1 Cor. xiii. 9
archelaus,manes_disputation,1Tim,new_testament,Bible:1Tim.1.20,1 Tim. i. 20
archelaus,manes_disputation,John,new_testament,Bible:John.8.44,John viii. 44
archelaus,manes_disputation,John,new_testament,Bible:John.1.5,"John i.
5"
archelaus,manes_disputation,Matt,new_testament,Bible:Matt.13.25,Matt. xiii. 25
archelaus,manes_disputation,Eph,new_testament,Bible:Eph.6.12 Bible:2Cor.4.4,"Eph. vi. 12; 2 Cor. iv.
4"
archelaus,manes_disputation,1Cor,new_testament,Bible:1Cor.3.7,1 Cor. iii. 7
archelaus,manes_disputation,Heb,new_testament,Bible:Heb.8.13,Heb. viii. 13
archelaus,manes_disputation,Luke,new_testament,Bible:Luke.16.16,Luke xvi. 16
archelaus,manes_disputation,Gal,new_testament,Bible:Gal.2.18,Gal. ii. 18
archelaus,manes_disputation,Gal,new_testament,Bible:Gal.4.3,Gal. iv. 3
archelaus,manes_disputation,1John,new_testament,Bible:1John.5.19,"1
John v. 19"
archelaus,manes_disputation,Matt,new_testament,Bible:Matt.7.15-Matt.7.20,"Matt. vii.
15–20"
archelaus,manes_disputation,Mark,new_testament,Bible:Mark.3.23,Mark iii. 23
archelaus,manes_disputation,Mark,new_testament,Bible:Mark.3.27,Mark iii. 27
archelaus,manes_disputation,Matt,new_testament,Bible:Matt.7.16,Matt. vii. 16
archelaus,manes_disputation,Matt,new_testament,Bible:Matt.9.17,Matt. ix. 17
archelaus,manes_disputation,Matt,new_testament,Bible:Matt.9.16,Matt. ix. 16
archelaus,manes_disputation,1Cor,new_testament,Bible:1Cor.12.18,1 Cor. xii. 18
archelaus,manes_disputation,1Cor,new_testament,Bible:1Cor.3.17 Bible:2Cor.6.16,"1 Cor. iii. 17; 2 Cor. vi.
16"
archelaus,manes_disputation,Matt,new_testament,Bible:Matt.6.9 Bible:Luke.11.2,"Matt. vi. 9; Luke xi.
2"
archelaus,manes_disputation,Matt,new_testament,Bible:Matt.6.6,Matt. vi. 6
archelaus,manes_disputation,Luke,new_testament,Bible:Luke.10.18,Luke x. 18
archelaus,manes_disputation,Matt,new_testament,Bible:Matt.23.25 Bible:Luke.11.39,"Matt. xxiii. 25; Luke xi.
39"
archelaus,manes_disputation,Luke,new_testament,Bible:Luke.11.42,Luke xi. 42
archelaus,manes_disputation,Matt,new_testament,Bible:Matt.23.6 Bible:Mark.12.38 Bible:Luke.20.46,"Matt. xxiii. 6; Mark xii. 38;
Luke xx. 46"
archelaus,manes_disputation,1Cor,new_testament,Bible:1Cor.9.9,1 Cor. ix. 9
archelaus,manes_disputation,Matt,new_testament,Bible:Matt.5.16,Matt. v. 16
archelaus,manes_disputation,Gen,old_testament_or_other,Bible:Gen.1.4,Gen. i. 4
archelaus,manes_disputation,John,new_testament,Bible:John.1.5,John i. 5
archelaus,manes_disputation,Matt,new_testament,Bible:Matt.19.11,Matt. xix. 11
archelaus,manes_disputation,John,new_testament,Bible:John.10.27,John x. 27
archelaus,manes_disputation,2Cor,new_testament,Bible:2Cor.13.3,2 Cor. xiii. 3
archelaus,manes_disputation,John,new_testament,Bible:John.16.8,John xvi. 8
archelaus,manes_disputation,John,new_testament,Bible:John.14.18,John xiv. 18
archelaus,manes_disputation,2Pet,new_testament,Bible:2Pet.3.9,2 Pet. iii. 9
archelaus,manes_disputation,John,new_testament,Bible:John.14.12 Bible:John.16.28,"John xiv. 12; xvi.
28"
archelaus,manes_disputation,Gal,new_testament,Bible:Gal.3.13,Gal. iii. 13
archelaus,manes_disputation,2Cor,new_testament,Bible:2Cor.3.6,2 Cor. iii. 6
archelaus,manes_disputation,2Cor,new_testament,Bible:2Cor.3.7,2 Cor. iii. 7
archelaus,manes_disputation,1Cor,new_testament,Bible:1Cor.15.56,1 Cor. xv. 56
archelaus,manes_disputation,Matt,new_testament,Bible:Matt.22.29,Matt. xxii. 29
archelaus,manes_disputation,John,new_testament,Bible:John.1.12,John i. 12
archelaus,manes_disputation,Matt,new_testament,Bible:Matt.13.35,Matt. xiii. 35
archelaus,manes_disputation,Rom,new_testament,Bible:Rom.2.15,Rom. ii. 15
archelaus,manes_disputation,Rom,new_testament,Bible:Rom.2.14,Rom. ii. 14
archelaus,manes_disputation,Rom,new_testament,Bible:Rom.5.14,Rom. v. 14
archelaus,manes_disputation,1Cor,new_testament,Bible:1Cor.15.54,1 Cor. xv. 54
archelaus,manes_disputation,Wis,deuterocanonical,Bible:Wis.1.13,Wisd. i. 13
archelaus,manes_disputation,Matt,new_testament,Bible:Matt.23.35,Matt. xxiii. 35
archelaus,manes_disputation,Rom,new_testament,Bible:Rom.5.12-Rom.5.14,Rom. v. 12–14
archelaus,manes_disputation,Ps,old_testament_or_other,Bible:Ps.5.15,"Ps. cv.
15"
archelaus,manes_disputation,1Cor,new_testament,Bible:1Cor.15.54-1Cor.15.55,"1 Cor. xv. 54, 55"
archelaus,manes_disputation,John,new_testament,Bible:John.5.17,John v. 17
archelaus,manes_disputation,Num,old_testament_or_other,Bible:Num.15.32,Num. xv. 32
archelaus,manes_disputation,Matt,new_testament,Bible:Matt.18.21,Matt. xviii. 21
archelaus,manes_disputation,Matt,new_testament,Bible:Matt.12.32,Matt. xii. 32
archelaus,manes_disputation,1Tim,new_testament,Bible:1Tim.1.9,1 Tim. i. 9
archelaus,manes_disputation,Matt,new_testament,Bible:Matt.4.10,Matt. iv. 10
archelaus,manes_disputation,Matt,new_testament,Bible:Matt.3.7-Matt.3.8,"Matt iii. 7, 8"
archelaus,manes_disputation,Luke,new_testament,Bible:Luke.10.19,Luke x. 19
archelaus,manes_disputation,Gen,old_testament_or_other,Bible:Gen.3.5,Gen. iii. 5
archelaus,manes_disputation,Isa,old_testament_or_other,Bible:Isa.26.18,Isa. xxvi. 18
archelaus,manes_disputation,John,new_testament,Bible:John.13.27,John xiii. 27
archelaus,manes_disputation,2Cor,new_testament,Bible:2Cor.7.10,2 Cor. vii. 10
archelaus,manes_disputation,Heb,new_testament,Bible:Heb.1.3,"Heb. i.
3"
archelaus,manes_disputation,Eph,new_testament,Bible:Eph.3.8,Eph. iii. 8
archelaus,manes_disputation,John,new_testament,Bible:John.16.14,John xvi. 14
archelaus,manes_disputation,Acts,new_testament,Bible:Acts.9.15,Acts ix. 15
archelaus,manes_disputation,Rom,new_testament,Bible:Rom.15.15-Rom.15.16,"Rom. xv. 15, 16"
archelaus,manes_disputation,Rom,new_testament,Bible:Rom.9.1,Rom. ix. 1
archelaus,manes_disputation,Rom,new_testament,Bible:Rom.15.18,Rom. xv. 18
archelaus,manes_disputation,1Cor,new_testament,Bible:1Cor.15.9-1Cor.15.10,"1 Cor. xv. 9, 10"
archelaus,manes_disputation,2Cor,new_testament,Bible:2Cor.12.8-2Cor.12.9,"2 Cor. xii. 8, 9"
archelaus,manes_disputation,John,new_testament,Bible:John.14.15-John.14.16,"John xiv. 15, 16"
archelaus,manes_disputation,1Cor,new_testament,Bible:1Cor.15.3-1Cor.15.9,"1 Cor. xv.
3–9"
archelaus,manes_disputation,1Cor,new_testament,Bible:1Cor.15.11,1 Cor. xv. 11
archelaus,manes_disputation,2Cor,new_testament,Bible:2Cor.11.3-2Cor.11.5,"2 Cor. xi.
3–5"
archelaus,manes_disputation,2Cor,new_testament,Bible:2Cor.9.14-2Cor.9.15,"2 Cor. ix. 14, 15"
archelaus,manes_disputation,Gal,new_testament,Bible:Gal.1.6-Gal.1.8,Gal. i. 6–8
archelaus,manes_disputation,Col,new_testament,Bible:Col.1.24,Col. i. 24
archelaus,manes_disputation,2Cor,new_testament,Bible:2Cor.11.23,2 Cor. xi. 23
archelaus,manes_disputation,1Tim,new_testament,Bible:1Tim.4.1-1Tim.4.4,"1 Tim. iv.
1–4"
archelaus,manes_disputation,Matt,new_testament,Bible:Matt.24.4-Matt.24.5 Bible:Matt.24.23-Matt.24.26,"Matt. xxiv. 4, 5,
23–26"
archelaus,manes_disputation,Col,new_testament,Bible:Col.1.23,Col. i. 23
archelaus,manes_disputation,Col,new_testament,Bible:Col.2.6-Col.2.9,Col. ii. 6–9
archelaus,manes_disputation,2Tim,new_testament,Bible:2Tim.4.7-2Tim.4.8,"2 Tim. iv. 7, 8"
archelaus,manes_disputation,Matt,new_testament,Bible:Matt.24.24,Matt. xxiv. 24
archelaus,manes_disputation,Acts,new_testament,Bible:Acts.2.6,Acts ii. 6
archelaus,manes_disputation,2Tim,new_testament,Bible:2Tim.3.8-2Tim.3.9,"2 Tim. iii. 8, 9"
archelaus,manes_disputation,1Cor,new_testament,Bible:1Cor.13.9-1Cor.13.10,"1 Cor. xiii. 9, 10"
archelaus,manes_disputation,Luke,new_testament,Bible:Luke.10.22,"Luke
x. 22"
archelaus,manes_disputation,Matt,new_testament,Bible:Matt.11.27,Matt. xi. 27
archelaus,manes_disputation,1Cor,new_testament,Bible:1Cor.13.8-1Cor.13.10,"1 Cor. xiii.
8–10"
archelaus,manes_disputation,Rom,new_testament,Bible:Rom.8.21-Rom.8.22,"Rom. viii. 21, 22"
archelaus,manes_disputation,Phil,new_testament,Bible:Phil.2.13,Phil. ii. 13
archelaus,manes_disputation,Phil,new_testament,Bible:Phil.3.19,Phil. iii. 19
archelaus,manes_disputation,1Thess,new_testament,Bible:1Thess.5.1-1Thess.5.2,"1 Thess. v. 1, 2"
archelaus,manes_disputation,2Tim,new_testament,Bible:2Tim.3.6,"2 Tim. iii.
6"
archelaus,manes_disputation,Matt,new_testament,Bible:Matt.25.44,Matt. xxv. 44
archelaus,manes_disputation,Matt,new_testament,Bible:Matt.25.46 Bible:Luke.13.27,"Matt. xxv. 46; Luke xiii.
27"
archelaus,manes_disputation,1Cor,new_testament,Bible:1Cor.11.19,1 Cor. xi. 19
archelaus,manes_disputation,Gal,new_testament,Bible:Gal.1.8,Gal. i. 8
archelaus,manes_disputation,Matt,new_testament,Bible:Matt.5.17,Matt. v. 17
archelaus,manes_disputation,Prov,old_testament_or_other,Bible:Prov.22.2,Prov. xxii. 2
archelaus,manes_disputation,Matt,new_testament,Bible:Matt.5.3,Matt. v. 3
archelaus,manes_disputation,Luke,new_testament,Bible:Luke.14.33,Luke xiv. 33
archelaus,manes_disputation,Exod,old_testament_or_other,Bible:Exod.12.35,Ex. xii. 35
archelaus,manes_disputation,Exod,old_testament_or_other,Bible:Exod.21.24,Ex. xxi. 24
archelaus,manes_disputation,Luke,new_testament,Bible:Luke.6.29,Luke vi. 29
archelaus,manes_disputation,Mark,new_testament,Bible:Mark.2.11,Mark ii. 11
archelaus,manes_disputation,Luke,new_testament,Bible:Luke.6.1,Luke vi. 1
archelaus,manes_disputation,2Cor,new_testament,Bible:2Cor.3.6-2Cor.3.11,"2 Cor. iii.
6–11"
archelaus,manes_disputation,1Cor,new_testament,Bible:1Cor.15.46-1Cor.15.50,"1 Cor. xv.
46–50"
archelaus,manes_disputation,Rom,new_testament,Bible:Rom.2.28,Rom. ii. 28
archelaus,manes_disputation,Rom,new_testament,Bible:Rom.4.1,Rom. iv. 1
archelaus,manes_disputation,Rom,new_testament,Bible:Rom.4.2,Rom. iv. 2
archelaus,manes_disputation,Rom,new_testament,Bible:Rom.3.20,Rom. iii. 20
archelaus,manes_disputation,Deut,old_testament_or_other,Bible:Deut.18.18,Deut. xviii. 18
archelaus,manes_disputation,John,new_testament,Bible:John.5.46,John v. 46
archelaus,manes_disputation,Heb,new_testament,Bible:Heb.3.5-Heb.3.6,"Heb. iii. 5, 6"
archelaus,manes_disputation,Luke,new_testament,Bible:Luke.16.19,Luke xvi. 19
archelaus,manes_disputation,Matt,new_testament,Bible:Matt.5.32,Matt. v. 32
archelaus,manes_disputation,Matt,new_testament,Bible:Matt.10.10,Matt. x. 10
archelaus,manes_disputation,Rom,new_testament,Bible:Rom.12.3,Rom. xii. 3
archelaus,manes_disputation,Mark,new_testament,Bible:Mark.12.41,Mark xii. 41
archelaus,manes_disputation,Matt,new_testament,Bible:Matt.8.10,Matt. viii. 10
archelaus,manes_disputation,Matt,new_testament,Bible:Matt.12.8,Matt. xii. 8
archelaus,manes_disputation,Mark,new_testament,Bible:Mark.2.19,Mark ii. 19
archelaus,manes_disputation,Job,old_testament_or_other,Bible:Job.2.10 Bible:Heb.4.15 Bible:Heb.6.1-Heb.6.8,"Job (ii. 10) to St. Paul (Heb. iv. 15 and vi. to
8)"
archelaus,manes_disputation,Lam,old_testament_or_other,Bible:Lam.3.33,"Lam.
iii. 33"
archelaus,manes_disputation,Matt,new_testament,Bible:Matt.7.15,Matt. vii. 15
archelaus,manes_disputation,Matt,new_testament,Bible:Matt.23.27,Matt. xxiii. 27
archelaus,manes_disputation,Matt,new_testament,Bible:Matt.5.8,Matt. v. 8
archelaus,manes_disputation,Matt,new_testament,Bible:Matt.7.12,Matt. vii. 12
archelaus,manes_disputation,1Cor,new_testament,Bible:1Cor.7.18-1Cor.7.19,"1 Cor. vii. 18, 19"
archelaus,manes_disputation,Rom,new_testament,Bible:Rom.2.29,Rom. ii. 29
archelaus,manes_disputation,1Cor,new_testament,Bible:1Cor.15.21,1 Cor. xv. 21
archelaus,manes_disputation,Eph,new_testament,Bible:Eph.5.14,Eph. v. 14
archelaus,manes_disputation,2Cor,new_testament,Bible:2Cor.3.14-2Cor.3.17,"2 Cor. iii.
14–17"
archelaus,manes_disputation,Exod,old_testament_or_other,Bible:Exod.34.33 Bible:2Cor.3.13,"Ex. xxxiv. 33; 2 Cor. iii.
13"
archelaus,manes_disputation,Gen,old_testament_or_other,Bible:Gen.49.10-Gen.49.12,"Gen. xlix.
10–12"
archelaus,manes_disputation,Deut,old_testament_or_other,Bible:Deut.18.15,Deut. xviii. 15
archelaus,manes_disputation,Gen,old_testament_or_other,Bible:Gen.38.26,Gen. xxxviii. 26
archelaus,manes_disputation,Deut,old_testament_or_other,Bible:Deut.28.66,Deut. xxviii. 66
archelaus,manes_disputation,Exod,old_testament_or_other,Bible:Exod.2,Ex. ii
archelaus,manes_disputation,Matt,new_testament,Bible:Matt.2.13,Matt. ii. 13
archelaus,manes_disputation,Exod,old_testament_or_other,Bible:Exod.14,Ex. xiv
archelaus,manes_disputation,Mark,new_testament,Bible:Mark.8.15,Mark viii. 15
archelaus,manes_disputation,Exod,old_testament_or_other,Bible:Exod.16,Ex. xvi
archelaus,manes_disputation,Matt,new_testament,Bible:Matt.14,Matt. xiv
archelaus,manes_disputation,Exod,old_testament_or_other,Bible:Exod.34,Ex. xxxiv
archelaus,manes_disputation,Matt,new_testament,Bible:Matt.4.2,Matt. iv. 2
archelaus,manes_disputation,Exod,old_testament_or_other,Bible:Exod.12,Ex. xii
archelaus,manes_disputation,Matt,new_testament,Bible:Matt.2.16,Matt. ii. 16
archelaus,manes_disputation,Exod,old_testament_or_other,Bible:Exod.8,Ex. viii
archelaus,manes_disputation,Luke,new_testament,Bible:Luke.23.34,Luke xxiii. 34
archelaus,manes_disputation,Exod,old_testament_or_other,Bible:Exod.34.35,Ex. xxxiv. 35
archelaus,manes_disputation,Matt,new_testament,Bible:Matt.17.2,Matt. xvii. 2
archelaus,manes_disputation,Exod,old_testament_or_other,Bible:Exod.32,Ex. xxxii
archelaus,manes_disputation,Matt,new_testament,Bible:Matt.10.34,Matt. x. 34
archelaus,manes_disputation,Exod,old_testament_or_other,Bible:Exod.24.18,Ex. xxiv. 18
archelaus,manes_disputation,Matt,new_testament,Bible:Matt.14.25,Matt. xiv. 25
archelaus,manes_disputation,Matt,new_testament,Bible:Matt.8.26,Matt. viii. 26
archelaus,manes_disputation,Exod,old_testament_or_other,Bible:Exod.17,Ex. xvii
archelaus,manes_disputation,Eph,new_testament,Bible:Eph.2.2,Eph. ii. 2
archelaus,manes_disputation,John,new_testament,Bible:John.1.16,John i. 16
archelaus,manes_disputation,John,new_testament,Bible:John.5.45-John.5.47,"John v.
45–47"
archelaus,manes_disputation,Matt,new_testament,Bible:Matt.7.24,Matt. vii. 24
archelaus,manes_disputation,Matt,new_testament,Bible:Matt.10.28,Matt. x. 28
archelaus,manes_disputation,John,new_testament,Bible:John.1.18 Bible:John.3.13,"John i. 18; iii.
13"
archelaus,manes_disputation,Matt,new_testament,Bible:Matt.10.40,Matt. x. 40
archelaus,manes_disputation,John,new_testament,Bible:John.6.38,John vi. 38
archelaus,manes_disputation,Matt,new_testament,Bible:Matt.15.24,Matt. xv. 24
archelaus,manes_disputation,Matt,new_testament,Bible:Matt.12.47,Matt. xii. 47
archelaus,manes_disputation,Matt,new_testament,Bible:Matt.22.42,Matt. xxii. 42
archelaus,manes_disputation,Matt,new_testament,Bible:Matt.16.16,Matt. xvi. 16
archelaus,manes_disputation,Phil,new_testament,Bible:Phil.2.9,Phil. ii. 9
archelaus,manes_disputation,1Cor,new_testament,Bible:1Cor.13.11,1 Cor. xiii. 11
archelaus,manes_disputation,Phil,new_testament,Bible:Phil.3.13,Phil. iii. 13
archelaus,manes_disputation,Matt,new_testament,Bible:Matt.10.37,Matt. x. 37
archelaus,manes_disputation,Luke,new_testament,Bible:Luke.9.59-Luke.9.60,"Luke ix. 59, 60"
archelaus,manes_disputation,Matt,new_testament,Bible:Matt.16.22,Matt. xvi. 22
archelaus,manes_disputation,Matt,new_testament,Bible:Matt.16.21,Matt. xvi. 21
archelaus,manes_disputation,Matt,new_testament,Bible:Matt.16.23,Matt. xvi. 23
archelaus,manes_disputation,Luke,new_testament,Bible:Luke.4.34,Luke iv. 34
archelaus,manes_disputation,1Cor,new_testament,Bible:1Cor.15.32,1 Cor. xv. 32
archelaus,manes_disputation,Gal,new_testament,Bible:Gal.4.4,Gal. iv. 4
archelaus,manes_disputation,1Cor,new_testament,Bible:1Cor.5.7,1 Cor. v. 7
archelaus,manes_disputation,1Cor,new_testament,Bible:1Cor.6.14,1 Cor. vi. 14
archelaus,manes_disputation,1Cor,new_testament,Bible:1Cor.15.12-1Cor.15.20,"1 Cor. xv.
12–20"
archelaus,manes_disputation,Gal,new_testament,Bible:Gal.3.1,Gal. iii. 1
archelaus,manes_disputation,Matt,new_testament,Bible:Matt.11.11,Matt. xi. 11
archelaus,manes_disputation,Matt,new_testament,Bible:Matt.3.17,Matt. iii. 17
archelaus,manes_disputation,Phil,new_testament,Bible:Phil.2.7,Phil. ii. 7
archelaus,manes_disputation,Matt,new_testament,Bible:Matt.4.3,Matt. iv. 3
archelaus,manes_disputation,John,new_testament,Bible:John.19.37,John xix. 37
archelaus,manes_disputation,2Cor,new_testament,Bible:2Cor.5.21,2 Cor. v. 21
archelaus,manes_disputation,1Cor,new_testament,Bible:1Cor.3.10,1 Cor. iii. 10
archelaus,manes_disputation,Acts,new_testament,Bible:Acts.14.23,Acts xiv. 23
archelaus,manes_disputation,1Tim,new_testament,Bible:1Tim.3.1,1 Tim. iii. 1
archelaus,manes_disputation,Ps,old_testament_or_other,Bible:Ps.5.9,Ps. v. 9
archelaus,manes_disputation,Deut,old_testament_or_other,Bible:Deut.4.24,Deut. iv. 24
archelaus,manes_disputation,Luke,new_testament,Bible:Luke.12.49,Luke xii. 49
archelaus,manes_disputation,1Sam,old_testament_or_other,Bible:1Sam.2.6,1 Sam. ii. 6
archelaus,manes_disputation,Acts,new_testament,Bible:Acts.9.40,Acts ix. 40
archelaus,manes_disputation,Acts,new_testament,Bible:Acts.5.10,Acts v. 10
archelaus,manes_disputation,Deut,old_testament_or_other,Bible:Deut.32.22,Deut. xxxii. 22
archelaus,manes_disputation,Matt,new_testament,Bible:Matt.25.41,Matt. xxv. 41
archelaus,manes_disputation,Isa,old_testament_or_other,Bible:Isa.45.7,Isa. xlv. 7
archelaus,manes_disputation,2Cor,new_testament,Bible:2Cor.4.4,2 Cor. iv. 4
archelaus,manes_disputation,Matt,new_testament,Bible:Matt.7.6,Matt. vii. 6
archelaus,manes_disputation,Matt,new_testament,Bible:Matt.13.13,Matt. xiii. 13
archelaus,manes_disputation,Matt,new_testament,Bible:Matt.25.29,Matt. xxv. 29
archelaus,manes_disputation,2Tim,new_testament,Bible:2Tim.2.23 Bible:Titus.3.9,"2 Tim. ii. 23; Tit. iii.
9"
archelaus,manes_disputation,Matt,new_testament,Bible:Matt.1.25,Matt. i. 25
archelaus,manes_disputation,Job,old_testament_or_other,Bible:Job.4.18,"Job iv.
18"
archelaus,manes_disputation,Ps,old_testament_or_other,Bible:Ps.31.1,"Psa. cxxxi.
1"
archelaus,manes_disputation,Deut,old_testament_or_other,Bible:Deut.29.29,"Deut. xxix.
29"
archelaus,manes_disputation,Dan,old_testament_or_other,Bible:Dan.4.35,Dan. iv. 35
archelaus,manes_disputation,Matt,new_testament,Bible:Matt.13.34 Bible:Mark.4.33,"Matt. xiii. 34; Mark iv.
33"
archelaus,manes_disputation,Acts,new_testament,Bible:Acts.18.24,Acts xviii. 24
archelaus,manes_disputation,Acts,new_testament,Bible:Acts.18.26,"Acts xviii.
26"
archelaus,manes_disputation,Mark,new_testament,Bible:Mark.8,Mark. 8
alexander_lyc,manichaeans,Ps,old_testament_or_other,Bible:Ps.2,Ps. ii.
alexander_lyc,manichaeans,Gen,old_testament_or_other,Bible:Gen.22.1,Gen. xxii. 1
alexander_lyc,manichaeans,Gen,old_testament_or_other,Bible:Gen.6.2,Gen. vi. 2
peter_alexandria,epistle,John,new_testament,Bible:John.8,John viii.
peter_alexandria,epistle,Matt,new_testament,Bible:Matt.5.29,Matt. v. 29
peter_alexandria,epistle,Isa,old_testament_or_other,Bible:Isa.66.21,"Isa. lxvi.
21"
peter_alexandria,epistle,1Cor,new_testament,Bible:1Cor.14.31,"1 Cor. xiv.
31"
peter_alexandria,epistle,John,new_testament,Bible:John.19.23,John xix. 23
peter_alexandria,epistle,1Tim,new_testament,Bible:1Tim.4.1,"1 Tim. iv.
1"
peter_alexandria,epistle,Acts,new_testament,Bible:Acts.20.28,Acts xx. 28
peter_alexandria,epistle,Acts,new_testament,Bible:Acts.20.32,Acts xx. 32
peter_alexandria,epistle,Acts,new_testament,Bible:Acts.20.38,Acts xx. 38
peter_alexandria,epistle,John,new_testament,Bible:John.10.11,John x. 11
peter_alexandria,epistle,Matt,new_testament,Bible:Matt.10.28,Matt. x. 28
peter_alexandria,epistle,Gen,old_testament_or_other,Bible:Gen.32.26,Gen. xxxii. 26
peter_alexandria,epistle,2Macc,deuterocanonical,Bible:2Macc.3.15,2 Macc. iii. 15
peter_alexandria,epistle,Josh,old_testament_or_other,Bible:Josh.9,Joshua ix.
peter_alexandria,epistle,2Sam,old_testament_or_other,Bible:2Sam.14.33 Bible:2Sam.16.3,2 Sam. xiv. 33; xvi. 3
peter_alexandria,epistle,Jas,new_testament,Bible:Jas.3.2,James iii. 2
peter_alexandria,epistle,1John,new_testament,Bible:1John.1.8,1 John i. 8
peter_alexandria,epistle,Gal,new_testament,Bible:Gal.6.17,"Gal. vi.
17"
peter_alexandria,epistle,Matt,new_testament,Bible:Matt.4.10,Matt. iv. 10
peter_alexandria,epistle,Isa,old_testament_or_other,Bible:Isa.61.1-Isa.61.2 Bible:Luke.4.18-Luke.4.19,"Isa. lxi. 1, 2; Luke iv. 18,
19"
peter_alexandria,epistle,Jer,old_testament_or_other,Bible:Jer.3.23,Jer. iii. 23
peter_alexandria,epistle,Matt,new_testament,Bible:Matt.21.19,Matt. xxi. 19
peter_alexandria,epistle,Eccl,old_testament_or_other,Bible:Eccl.1.15,Eccles. i. 15
peter_alexandria,epistle,Isa,old_testament_or_other,Bible:Isa.66.24,Isa. lxvi. 24
peter_alexandria,epistle,Isa,old_testament_or_other,Bible:Isa.57.20-Isa.57.21,"Isa. lvii. 20, 21"
peter_alexandria,epistle,1Sam,old_testament_or_other,Bible:1Sam.21.13,"1 Sam. xxi.
13"
peter_alexandria,epistle,Isa,old_testament_or_other,Bible:Isa.9.6,Isa. ix. 6
peter_alexandria,epistle,Luke,new_testament,Bible:Luke.1.76-Luke.1.77,"Luke i. 76, 77"
peter_alexandria,epistle,Luke,new_testament,Bible:Luke.17.21,Luke xvii. 21
peter_alexandria,epistle,Rom,new_testament,Bible:Rom.10.8-Rom.10.10,Rom. x. 8–10
peter_alexandria,epistle,Eph,new_testament,Bible:Eph.6.8,Eph. vi. 8
peter_alexandria,epistle,Eph,new_testament,Bible:Eph.6.9,Eph. vi. 9
peter_alexandria,epistle,Rom,new_testament,Bible:Rom.2.11,Rom. ii. 11
peter_alexandria,epistle,Col,new_testament,Bible:Col.3.11,Col. iii. 11
peter_alexandria,epistle,Phil,new_testament,Bible:Phil.3.14,Philipp. iii. 14
peter_alexandria,epistle,Prov,old_testament_or_other,Bible:Prov.24.16,Prov. xxiv. 16
peter_alexandria,epistle,Matt,new_testament,Bible:Matt.26.41,Matt. xxvi. 41
peter_alexandria,epistle,Matt,new_testament,Bible:Matt.6.13,Matt. vi. 13
peter_alexandria,epistle,Matt,new_testament,Bible:Matt.26.55,Matt. xxvi. 55
peter_alexandria,epistle,Matt,new_testament,Bible:Matt.27.2,Matt. xxvii. 2
peter_alexandria,epistle,Matt,new_testament,Bible:Matt.10.17,Matt. x. 17
peter_alexandria,epistle,Matt,new_testament,Bible:Matt.10.18,Matt. x. 18
peter_alexandria,epistle,Matt,new_testament,Bible:Matt.10.23,Matt. x. 23
peter_alexandria,epistle,Acts,new_testament,Bible:Acts.7.59,Acts vii. 59
peter_alexandria,epistle,2Cor,new_testament,Bible:2Cor.11.32-2Cor.11.33,"2 Cor. xi. 32, 33"
peter_alexandria,epistle,Acts,new_testament,Bible:Acts.14.22,Acts xiv. 22
peter_alexandria,epistle,Heb,new_testament,Bible:Heb.11.32,Heb. xi. 32
peter_alexandria,epistle,Phil,new_testament,Bible:Phil.1.23-Phil.1.24,"Philipp. i. 23, 24"
peter_alexandria,epistle,Titus,new_testament,Bible:Titus.2.7,Tit. ii. 7
peter_alexandria,epistle,1Cor,new_testament,Bible:1Cor.13.4,1 Cor. xiii. 4
peter_alexandria,epistle,Rom,new_testament,Bible:Rom.12.16,Rom. xii. 16
peter_alexandria,epistle,1John,new_testament,Bible:1John.2.1,1 John ii. 1
peter_alexandria,epistle,Matt,new_testament,Bible:Matt.16.26,Matt. xvi. 26
peter_alexandria,epistle,Matt,new_testament,Bible:Matt.6.24,Matt. vi. 24
peter_alexandria,epistle,Prov,old_testament_or_other,Bible:Prov.13.8,Prov. xiii. 8
peter_alexandria,epistle,Acts,new_testament,Bible:Acts.17.9-Acts.17.10,"Acts xvii. 9, 10"
peter_alexandria,epistle,Acts,new_testament,Bible:Acts.19.26-Acts.19.30,"Acts xix.
26–30"
peter_alexandria,epistle,Gen,old_testament_or_other,Bible:Gen.19.17,Gen. xix. 17
peter_alexandria,epistle,Acts,new_testament,Bible:Acts.12.4,Acts xii. 4
peter_alexandria,epistle,Acts,new_testament,Bible:Acts.12.18-Acts.12.19,"Acts xii. 18, 19"
peter_alexandria,epistle,Matt,new_testament,Bible:Matt.2.13-Matt.2.16,"Matt. ii.
13–16"
peter_alexandria,epistle,Isa,old_testament_or_other,Bible:Isa.8.3-Isa.8.4,"Isa. viii. 3, 4"
peter_alexandria,epistle,Matt,new_testament,Bible:Matt.2.11-Matt.2.13,"Matt. ii.
11–13"
peter_alexandria,epistle,Matt,new_testament,Bible:Matt.2.16,Matt. ii. 16
peter_alexandria,epistle,Matt,new_testament,Bible:Matt.23.35,Matt. xxiii. 35
peter_alexandria,epistle,1Tim,new_testament,Bible:1Tim.6.11-1Tim.6.12,"1 Tim. vi. 11, 12"
peter_alexandria,epistle,Luke,new_testament,Bible:Luke.1.80 Bible:Luke.9.10 Bible:Gal.1.17,"Luke i. 80; ix. 10; Gal. i.
17"
peter_alexandria,epistle,1Kgs,old_testament_or_other,Bible:1Kgs.19.9,1 Kings xix. 9
peter_alexandria,epistle,Matt,new_testament,Bible:Matt.19.21 Bible:Matt.6.34,"Matt. xix. 21 and Matt. vi.
34"
peter_alexandria,epistle,John,new_testament,Bible:John.1.17,John i. 17
peter_alexandria,epistle,Eph,new_testament,Bible:Eph.2.8-Eph.2.9,"Eph. ii. 8, 9"
peter_alexandria,epistle,John,new_testament,Bible:John.1.14,John i. 14
peter_alexandria,epistle,Phil,new_testament,Bible:Phil.2.7,Phil. ii. 7
peter_alexandria,epistle,2Cor,new_testament,Bible:2Cor.8.9,2 Cor. viii. 9
peter_alexandria,epistle,Luke,new_testament,Bible:Luke.1.35,Luke i. 35
peter_alexandria,epistle,Luke,new_testament,Bible:Luke.22.48,Luke xxii. 48
peter_alexandria,epistle,Exod,old_testament_or_other,Bible:Exod.9.32,Exod. ix. 32
peter_alexandria,epistle,Exod,old_testament_or_other,Bible:Exod.12.2,Exod. xii. 2
peter_alexandria,epistle,Num,old_testament_or_other,Bible:Num.12.24,Num. xii. 24
peter_alexandria,epistle,Gen,old_testament_or_other,Bible:Gen.1.11-Gen.1.12,"Gen. i. 11, 12"
peter_alexandria,epistle,Rom,new_testament,Bible:Rom.11.7,Rom. xi. 7
peter_alexandria,epistle,John,new_testament,Bible:John.15.21,John xv. 21
peter_alexandria,epistle,Ps,old_testament_or_other,Bible:Ps.95.10-Ps.95.11,"Ps. xcv. 10, 11"
peter_alexandria,epistle,Sir,deuterocanonical,Bible:Sir.20.18,Ecclus. xx. 18
peter_alexandria,epistle,John,new_testament,Bible:John.18.28,John xviii. 28
peter_alexandria,epistle,John,new_testament,Bible:John.19.13-John.19.14,"John xix. 13, 14"
peter_alexandria,epistle,Mark,new_testament,Bible:Mark.25.25,chap. xxv.  25
peter_alexandria,epistle,John,new_testament,Bible:John.19.31,John xix. 31
peter_alexandria,epistle,1Cor,new_testament,Bible:1Cor.5.7,1 Cor. v. 7
peter_alexandria,epistle,Gen,old_testament_or_other,Bible:Gen.1.26,Gen. i. 26
peter_alexandria,epistle,Luke,new_testament,Bible:Luke.1.28,Luke i. 28
alexander_alexandria,heresy_and_deposition,Isa,old_testament_or_other,Bible:Isa.1.2,Isa. i. 2
alexander_alexandria,heresy_and_deposition,Ps,old_testament_or_other,Bible:Ps.45.7,Ps. xlv. 7
alexander_alexandria,heresy_and_deposition,John,new_testament,Bible:John.1.18,John i. 18
alexander_alexandria,heresy_and_deposition,John,new_testament,Bible:John.1.1-John.1.3,John i. 1–3
alexander_alexandria,heresy_and_deposition,Sir,deuterocanonical,Bible:Sir.3.22,Ecclus. iii. 22
alexander_alexandria,heresy_and_deposition,Ps,old_testament_or_other,Bible:Ps.31.1,"Ps. cxxxi.
1"
alexander_alexandria,heresy_and_deposition,1Cor,new_testament,Bible:1Cor.2.9,1 Cor. ii. 9
alexander_alexandria,heresy_and_deposition,Gen,old_testament_or_other,Bible:Gen.15.5,Gen. xv. 5
alexander_alexandria,heresy_and_deposition,Sir,deuterocanonical,Bible:Sir.1.2,Ecclus. i. 2
alexander_alexandria,heresy_and_deposition,Isa,old_testament_or_other,Bible:Isa.53.8,Isa. liii. 8
alexander_alexandria,heresy_and_deposition,Matt,new_testament,Bible:Matt.11.27,Matt. xi. 27
alexander_alexandria,heresy_and_deposition,Col,new_testament,Bible:Col.1.16-Col.1.17,"Col. i. 16, 17"
alexander_alexandria,heresy_and_deposition,Prov,old_testament_or_other,Bible:Prov.8.30,Prov. viii. 30
alexander_alexandria,heresy_and_deposition,2Cor,new_testament,Bible:2Cor.6.14-2Cor.6.15,"2 Cor. vi. 14, 15"
alexander_alexandria,heresy_and_deposition,Rom,new_testament,Bible:Rom.8.32,Rom. viii. 32
alexander_alexandria,heresy_and_deposition,Matt,new_testament,Bible:Matt.3.17,Matt. iii. 17
alexander_alexandria,heresy_and_deposition,Ps,old_testament_or_other,Bible:Ps.11.7,Ps. xi. 7
alexander_alexandria,heresy_and_deposition,Ps,old_testament_or_other,Bible:Ps.10.3,Ps. cx. 3
alexander_alexandria,heresy_and_deposition,Gen,old_testament_or_other,Bible:Gen.6.2,Gen. vi. 2
alexander_alexandria,heresy_and_deposition,John,new_testament,Bible:John.10.30,John x. 30
alexander_alexandria,heresy_and_deposition,John,new_testament,Bible:John.14.8-John.14.9,"John xiv. 8, 9"
alexander_alexandria,heresy_and_deposition,Ps,old_testament_or_other,Bible:Ps.36.9,Ps. xxxvi. 9
alexander_alexandria,heresy_and_deposition,John,new_testament,Bible:John.5.1,John v. 1
alexander_alexandria,heresy_and_deposition,John,new_testament,Bible:John.14.28,John xiv. 28
alexander_alexandria,heresy_and_deposition,Heb,new_testament,Bible:Heb.1.3,Heb. i. 3
alexander_alexandria,heresy_and_deposition,John,new_testament,Bible:John.16.33,John xvi. 33
alexander_alexandria,heresy_and_deposition,Gal,new_testament,Bible:Gal.1.8-Gal.1.9,"Gal. i. 8, 9"
alexander_alexandria,heresy_and_deposition,1Tim,new_testament,Bible:1Tim.6.3-1Tim.6.4,"1 Tim. vi. 3, 4"
alexander_alexandria,heresy_and_deposition,2Tim,new_testament,Bible:2Tim.3.4,2 Tim. iii. 4
alexander_alexandria,heresy_and_deposition,2Cor,new_testament,Bible:2Cor.6.14,2 Cor. vi. 14
alexander_alexandria,heresy_and_deposition,John,new_testament,Bible:John.1.1,John i. 1
alexander_alexandria,heresy_and_deposition,John,new_testament,Bible:John.1.3,John i. 3
alexander_alexandria,heresy_and_deposition,Ps,old_testament_or_other,Bible:Ps.45.1,Ps. xlv. 1
alexander_alexandria,heresy_and_deposition,Ps,old_testament_or_other,Bible:Ps.10.3 Bible:Heb.1.3,"Ps. cx. 3; Heb. i.
3"
alexander_alexandria,heresy_and_deposition,John,new_testament,Bible:John.14.9,John xiv. 9
alexander_alexandria,heresy_and_deposition,John,new_testament,Bible:John.14.10,John xiv. 10
alexander_alexandria,heresy_and_deposition,Mal,old_testament_or_other,Bible:Mal.3.6,Mal. iii. 6
alexander_alexandria,heresy_and_deposition,Heb,new_testament,Bible:Heb.13.8,Heb. xiii. 8
alexander_alexandria,heresy_and_deposition,Heb,new_testament,Bible:Heb.11.10,Heb. xi. 10
alexander_alexandria,heresy_and_deposition,John,new_testament,Bible:John.10.15,John x. 15
alexander_alexandria,heresy_and_deposition,Prov,old_testament_or_other,Bible:Prov.18.3,Prov. xviii. 3
alexander_alexandria,heresy_and_deposition,2Tim,new_testament,Bible:2Tim.2.17,2 Tim. ii. 17
alexander_alexandria,heresy_and_deposition,Luke,new_testament,Bible:Luke.21.8,Luke xxi. 8
alexander_alexandria,heresy_and_deposition,1Tim,new_testament,Bible:1Tim.4.1,1 Tim. iv. 1
alexander_alexandria,heresy_and_deposition,2John,new_testament,Bible:2John.1.10,2 John 10
alexander_alexandria,heresy_and_deposition,Gen,old_testament_or_other,Bible:Gen.1.26,Gen. i. 26
alexander_alexandria,heresy_and_deposition,Isa,old_testament_or_other,Bible:Isa.42.14,Isa. xlii. 14
alexander_alexandria,heresy_and_deposition,Jonah,old_testament_or_other,Bible:Jonah.2.4,Jonah ii. 4
methodius,banquet,2Cor,new_testament,Bible:2Cor.11.2,2 Cor. xi. 2
methodius,banquet,Matt,new_testament,Bible:Matt.9.12,Matt. ix. 12
methodius,banquet,Sir,deuterocanonical,Bible:Sir.6.36,Ecclus. vi. 36
methodius,banquet,Ps,old_testament_or_other,Bible:Ps.38.5,"Ps.
xxxvii. 6 (LXX.), xxxviii. 5 (E.V.)"
methodius,banquet,Lev,old_testament_or_other,Bible:Lev.2.13 Bible:Mark.9.40,"Lev. ii. 13; Mark ix.
40"
methodius,banquet,Matt,new_testament,Bible:Matt.5.13,Matt. v. 13
methodius,banquet,1Cor,new_testament,Bible:1Cor.7.34,1 Cor. vii. 34
methodius,banquet,Lev,old_testament_or_other,Bible:Lev.18.19 Bible:Lev.20.17,"Lev. xviii. 19; xx.
17"
methodius,banquet,Sir,deuterocanonical,Bible:Sir.18.30,Ecclus. xviii. 30
methodius,banquet,Sir,deuterocanonical,Bible:Sir.19.2,Ecclus. xix. 2.
methodius,banquet,Prov,old_testament_or_other,Bible:Prov.5.18,Prov. v. 18
methodius,banquet,Jer,old_testament_or_other,Bible:Jer.5.8,Jer. v. 8
methodius,banquet,Wis,deuterocanonical,Bible:Wis.4.3,Wisd. iv. 3
methodius,banquet,Sir,deuterocanonical,Bible:Sir.23.1 Bible:Sir.23.4 Bible:Sir.23.6,"Ecclus. xxiii. 1, 4, 6"
methodius,banquet,Wis,deuterocanonical,Bible:Wis.4.1-Wis.4.2,"Wisd. iv. 1, 2"
methodius,banquet,Rev,new_testament,Bible:Rev.14.1-Rev.14.4,"Rev. xiv.
1–4"
methodius,banquet,Rev,new_testament,Bible:Rev.14.4-Rev.14.5,"Rev. xiv. 4, 5"
methodius,banquet,Rev,new_testament,Bible:Rev.7.9,Rev. vii. 9
methodius,banquet,Gen,old_testament_or_other,Bible:Gen.1.28,Gen. i. 28
methodius,banquet,John,new_testament,Bible:John.5.17,"John v.
17"
methodius,banquet,Gen,old_testament_or_other,Bible:Gen.2.23,Gen. ii. 23
methodius,banquet,Jer,old_testament_or_other,Bible:Jer.1.5,Jer. i. 5
methodius,banquet,Job,old_testament_or_other,Bible:Job.38.14,Job xxxviii. 14
methodius,banquet,Job,old_testament_or_other,Bible:Job.10.8,Job x. 8
methodius,banquet,Matt,new_testament,Bible:Matt.24.22,Matt. xxiv. 22
methodius,banquet,Wis,deuterocanonical,Bible:Wis.3.16,Wisd. iii. 16
methodius,banquet,Wis,deuterocanonical,Bible:Wis.4.6,Wisd. iv. 6
methodius,banquet,Gen,old_testament_or_other,Bible:Gen.2.7,Gen. ii. 7
methodius,banquet,Wis,deuterocanonical,Bible:Wis.15.10-Wis.15.11,"Wisd. xv. 10, 11"
methodius,banquet,1Tim,new_testament,Bible:1Tim.2.4,1 Tim. ii. 4
methodius,banquet,1Cor,new_testament,Bible:1Cor.7.38,1 Cor. vii. 38
methodius,banquet,Matt,new_testament,Bible:Matt.22.30,Matt. xxii. 30
methodius,banquet,Matt,new_testament,Bible:Matt.19.12,Matt. xix. 12
methodius,banquet,Ps,old_testament_or_other,Bible:Ps.44.10,"Ps.
xlv. 10 (xliv. 10, LXX.)"
methodius,banquet,Gen,old_testament_or_other,Bible:Gen.2.23-Gen.2.24 Bible:Eph.5.28-Eph.5.32,"Gen. ii. 23, 24, and Eph. v.
28–32"
methodius,banquet,Eph,new_testament,Bible:Eph.5.32,Eph. v. 32
methodius,banquet,Gen,old_testament_or_other,Bible:Gen.2.23-Gen.2.24,"Gen. ii. 23, 24"
methodius,banquet,Eph,new_testament,Bible:Eph.5.28-Eph.5.32,"Eph. v.
28–32"
methodius,banquet,Gen,old_testament_or_other,Bible:Gen.3.19,Gen. iii. 19
methodius,banquet,Col,new_testament,Bible:Col.1.15,Col. i. 15
methodius,banquet,Rev,new_testament,Bible:Rev.2.7,Rev. ii. 7
methodius,banquet,Gen,old_testament_or_other,Bible:Gen.3.22,Gen. iii. 22
methodius,banquet,Jer,old_testament_or_other,Bible:Jer.18.3-Jer.18.4,"Jer. xviii. 3, 4"
methodius,banquet,John,new_testament,Bible:John.1.1,John i. 1
methodius,banquet,Eph,new_testament,Bible:Eph.1.21 Bible:Eph.3.10,"Eph. i. 21; iii.
10"
methodius,banquet,1Cor,new_testament,Bible:1Cor.15.22,1 Cor. xv. 22
methodius,banquet,Gen,old_testament_or_other,Bible:Gen.2.9,Gen. ii. 9
methodius,banquet,Eph,new_testament,Bible:Eph.5.31,Eph. v. 31
methodius,banquet,Eph,new_testament,Bible:Eph.5.26-Eph.5.27,"Eph. v. 26, 27"
methodius,banquet,Gen,old_testament_or_other,Bible:Gen.1.18,Gen. i. 18
methodius,banquet,Heb,new_testament,Bible:Heb.10.32,Heb. x. 32
methodius,banquet,Titus,new_testament,Bible:Titus.3.5,Tit. iii. 5
methodius,banquet,Isa,old_testament_or_other,Bible:Isa.11.2,Isa. xi. 2
methodius,banquet,Gen,old_testament_or_other,Bible:Gen.2.18,Gen. ii. 18
methodius,banquet,2Cor,new_testament,Bible:2Cor.11.12,2 Cor. xi. 12
methodius,banquet,Gal,new_testament,Bible:Gal.4.19,Gal. iv. 19
methodius,banquet,1Cor,new_testament,Bible:1Cor.4.15,1 Cor. iv. 15
methodius,banquet,Gen,old_testament_or_other,Bible:Gen.2.24,Gen. ii. 24
methodius,banquet,Titus,new_testament,Bible:Titus.3.5,"Tit. iii.
5"
methodius,banquet,Eph,new_testament,Bible:Eph.5.25-Eph.5.26,"Eph. v. 25, 26"
methodius,banquet,1Cor,new_testament,Bible:1Cor.7.1,1 Cor. vii. 1
methodius,banquet,1Cor,new_testament,Bible:1Cor.7.5,1 Cor vii. 5
methodius,banquet,1Cor,new_testament,Bible:1Cor.7.2,1 Cor. vii. 2
methodius,banquet,1Cor,new_testament,Bible:1Cor.7.2-1Cor.7.6,"1 Cor. vii.
2–6"
methodius,banquet,1Cor,new_testament,Bible:1Cor.7.8-1Cor.7.9,"1 Cor. vii. 8, 9"
methodius,banquet,1Cor,new_testament,Bible:1Cor.7.25-1Cor.7.28,"1 Cor. vii.
25–28"
methodius,banquet,1Cor,new_testament,Bible:1Cor.7.28,1 Cor. vii. 28
methodius,banquet,1Cor,new_testament,Bible:1Cor.7.29,1 Cor. vii. 29
methodius,banquet,1Cor,new_testament,Bible:1Cor.7.32-1Cor.7.34,"1 Cor. vii.
32–34"
methodius,banquet,1Cor,new_testament,Bible:1Cor.7.35,1 Cor. vii. 35
methodius,banquet,1Cor,new_testament,Bible:1Cor.7.36,1 Cor. vii. 36
methodius,banquet,1Cor,new_testament,Bible:1Cor.7.37,1 Cor. vii. 37
methodius,banquet,Heb,new_testament,Bible:Heb.1.1,Heb. i. 1
methodius,banquet,Ps,old_testament_or_other,Bible:Ps.37,Ps. cxxxvii
methodius,banquet,Ps,old_testament_or_other,Bible:Ps.136,cxxxvith Psalm
methodius,banquet,Exod,old_testament_or_other,Bible:Exod.1.16,Exod. i. 16
methodius,banquet,Rom,new_testament,Bible:Rom.5.14,Rom. v. 14
methodius,banquet,Ps,old_testament_or_other,Bible:Ps.37.1-Ps.37.2,"Ps. cxxxvii. 1, 2"
methodius,banquet,Ps,old_testament_or_other,Bible:Ps.37,"Psalm
cxxxvii."
methodius,banquet,Isa,old_testament_or_other,Bible:Isa.44.4,Isa. xliv. 4
methodius,banquet,Matt,new_testament,Bible:Matt.7.6,Matt. vii. 6
methodius,banquet,Amos,old_testament_or_other,Bible:Amos.4.5,Amos iv. 5
methodius,banquet,1Pet,new_testament,Bible:1Pet.2.10,1 Pet. ii. 10
methodius,banquet,Ps,old_testament_or_other,Bible:Ps.37.5-Ps.37.6,"Ps. cxxxvii. 5, 6"
methodius,banquet,Wis,deuterocanonical,Bible:Wis.4.2,Wisd. iv. 2
methodius,banquet,Isa,old_testament_or_other,Bible:Isa.60.1,Isa. lx. 1
methodius,banquet,Phil,new_testament,Bible:Phil.3.11,Phil. iii. 11
methodius,banquet,Jer,old_testament_or_other,Bible:Jer.2.32,Jer. ii. 32
methodius,banquet,Num,old_testament_or_other,Bible:Num.6.1-Num.6.2,"Num. vi. 1, 2"
methodius,banquet,Gen,old_testament_or_other,Bible:Gen.15.9,Gen. xv. 9
methodius,banquet,1Thess,new_testament,Bible:1Thess.5.23,"1 Thess. v.
23"
methodius,banquet,Luke,new_testament,Bible:Luke.12.35-Luke.12.38,"Luke xii.
35–38"
methodius,banquet,Lam,old_testament_or_other,Bible:Lam.3.27,Lam. iii. 27
methodius,banquet,Num,old_testament_or_other,Bible:Num.6.2,Num. vi. 2
methodius,banquet,Ps,old_testament_or_other,Bible:Ps.39.4 Bible:Ps.41.3,"Ps. cxxxix. 4, and
cxli. 3"
methodius,banquet,Ps,old_testament_or_other,Bible:Ps.45.2,Ps. xlv. 2
methodius,banquet,Isa,old_testament_or_other,Bible:Isa.8.1,Isa. viii. 1
methodius,banquet,Num,old_testament_or_other,Bible:Num.6.1-Num.6.4,Num. vi. 1–4
methodius,banquet,John,new_testament,Bible:John.15.1 Bible:John.15.5,"John xv. 1, 5"
methodius,banquet,Deut,old_testament_or_other,Bible:Deut.32.32-Deut.32.33,"Deut. xxxii. 32,
33"
methodius,banquet,Luke,new_testament,Bible:Luke.21.34,Luke xxi. 34
methodius,banquet,Lev,old_testament_or_other,Bible:Lev.11.29,Lev. xi. 29
methodius,banquet,Exod,old_testament_or_other,Bible:Exod.30.1-Exod.30.9,"Exod. xxx.
1–9"
methodius,banquet,Heb,new_testament,Bible:Heb.10.1,Heb. x. 1
methodius,banquet,Exod,old_testament_or_other,Bible:Exod.25.40,Exod. xxv. 40
methodius,banquet,Heb,new_testament,Bible:Heb.11.10,Heb. xi. 10
methodius,banquet,1Cor,new_testament,Bible:1Cor.13.12,1 Cor. xiii. 12
methodius,banquet,1Tim,new_testament,Bible:1Tim.6.16,"1 Tim. vi.
16"
methodius,banquet,Eph,new_testament,Bible:Eph.6.12,Eph. vi. 12
methodius,banquet,Jer,old_testament_or_other,Bible:Jer.3.3,Jer. iii. 3
methodius,banquet,Matt,new_testament,Bible:Matt.25,Matt. xxv
methodius,banquet,Luke,new_testament,Bible:Luke.12.49,Luke xii. 49
methodius,banquet,Matt,new_testament,Bible:Matt.5.16,Matt. v. 16
methodius,banquet,Lev,old_testament_or_other,Bible:Lev.24.2-Lev.24.3,"Lev. xxiv. 2, 3"
methodius,banquet,Ps,old_testament_or_other,Bible:Ps.5.11,Ps. cv. 11
methodius,banquet,Lev,old_testament_or_other,Bible:Lev.24.3,Lev. xxiv. 3
methodius,banquet,Matt,new_testament,Bible:Matt.25.6,Matt. xxv. 6
methodius,banquet,1Thess,new_testament,Bible:1Thess.4.16-1Thess.4.17,"1 Thess. iv. 16,
17"
methodius,banquet,1Thess,new_testament,Bible:1Thess.4.16,1 Thess. iv. 16
methodius,banquet,1Thess,new_testament,Bible:1Thess.4.17,1 Thess. iv. 17
methodius,banquet,1Tim,new_testament,Bible:1Tim.6.16,1 Tim. vi. 16
methodius,banquet,Rev,new_testament,Bible:Rev.7.4 Bible:Rev.14.4,"Rev. vii. 4; xiv.
4"
methodius,banquet,Wis,deuterocanonical,Bible:Wis.7.22,Wisd. vii. 22
methodius,banquet,John,new_testament,Bible:John.14.28,John xiv. 28
methodius,banquet,Song,old_testament_or_other,Bible:Song.2.2,Cant. ii. 2
methodius,banquet,Song,old_testament_or_other,Bible:Song.4.9-Song.4.12,Cant. iv. 9–12
methodius,banquet,Song,old_testament_or_other,Bible:Song.4.9-Song.4.12,Chap. iv. ver. 9–12
methodius,banquet,Ps,old_testament_or_other,Bible:Ps.45.14,Ps. xlv. 14
methodius,banquet,1Cor,new_testament,Bible:1Cor.15.41-1Cor.15.42,"1 Cor. xv. 41, 42"
methodius,banquet,Matt,new_testament,Bible:Matt.5.3-Matt.5.16,"Matt. v.
3–16"
methodius,banquet,Song,old_testament_or_other,Bible:Song.6.8-Song.6.9,"Cant. vi. 8, 9"
methodius,banquet,Luke,new_testament,Bible:Luke.15.23,Luke xv. 23
methodius,banquet,Gen,old_testament_or_other,Bible:Gen.3.3,Gen. iii. 3
methodius,banquet,Heb,new_testament,Bible:Heb.11.23,Heb. xi. 23
methodius,banquet,Matt,new_testament,Bible:Matt.13.16-Matt.13.17,"Matt. xiii. 16, 17"
methodius,banquet,Ps,old_testament_or_other,Bible:Ps.45.15-Ps.45.16,"Ps. xlv. 15, 16"
methodius,banquet,Exod,old_testament_or_other,Bible:Exod.3.14,Exod. iii. 14
methodius,banquet,Bar,deuterocanonical,Bible:Bar.3.14-Bar.3.15,"Baruch iii. 14, 15"
methodius,banquet,Rev,new_testament,Bible:Rev.12.1-Rev.12.6,"Rev. xii.
1–6"
methodius,banquet,John,new_testament,Bible:John.5.39,John v. 39
methodius,banquet,Isa,old_testament_or_other,Bible:Isa.60.1-Isa.60.4,Isa. lx. 1–4
methodius,banquet,Isa,old_testament_or_other,Bible:Isa.66.7-Isa.66.8,"Isa. lxvi. 7, 8"
methodius,banquet,Ps,old_testament_or_other,Bible:Ps.5.15,Ps. cv. 15
methodius,banquet,Eph,new_testament,Bible:Eph.3.14-Eph.3.17,"Eph. iii.
14–17"
methodius,banquet,Ps,old_testament_or_other,Bible:Ps.2.7,Ps. ii. 7
methodius,banquet,Song,old_testament_or_other,Bible:Song.4.16,Cant. iv. 16
methodius,banquet,Phil,new_testament,Bible:Phil.2.7,Phil. ii. 7
methodius,banquet,Ezek,old_testament_or_other,Bible:Ezek.17.3,Ezek. xvii. 3
methodius,banquet,Eph,new_testament,Bible:Eph.6.17,Eph. vi. 17
methodius,banquet,Deut,old_testament_or_other,Bible:Deut.6.5,Deut. vi. 5
methodius,banquet,Rom,new_testament,Bible:Rom.1.21,Rom. i. 21
methodius,banquet,Gen,old_testament_or_other,Bible:Gen.1.14,Gen. i. 14
methodius,banquet,Gal,new_testament,Bible:Gal.5.17,Gal. v. 17
methodius,banquet,Lev,old_testament_or_other,Bible:Lev.23.39-Lev.23.42,"Lev. xxiii.
39–42"
methodius,banquet,Gen,old_testament_or_other,Bible:Gen.2.1,Gen. ii. 1
methodius,banquet,Ps,old_testament_or_other,Bible:Ps.4.31,Ps. civ. 31
methodius,banquet,Prov,old_testament_or_other,Bible:Prov.1.5-Prov.1.6,"Prov. i. 5, 6"
methodius,banquet,John,new_testament,Bible:John.14.16,John xiv. 16
methodius,banquet,1Cor,new_testament,Bible:1Cor.13.10,1 Cor. xiii. 10
methodius,banquet,Lev,old_testament_or_other,Bible:Lev.23.40,Lev. xxiii. 40
methodius,banquet,Song,old_testament_or_other,Bible:Song.4.13,Cant. iv. 13
methodius,banquet,Rev,new_testament,Bible:Rev.20.6,Rev. xx. 6
methodius,banquet,Prov,old_testament_or_other,Bible:Prov.3.18,Prov. iii. 18
methodius,banquet,Ps,old_testament_or_other,Bible:Ps.1.3,Ps. i. 3
methodius,banquet,Luke,new_testament,Bible:Luke.15.8,Luke xv. 8
methodius,banquet,1Cor,new_testament,Bible:1Cor.13.2-1Cor.13.3,"1 Cor. xiii. 2, 3"
methodius,banquet,Num,old_testament_or_other,Bible:Num.33.5,Num. xxxiii. 5
methodius,banquet,Heb,new_testament,Bible:Heb.4.14,Heb. iv. 14
methodius,banquet,Ps,old_testament_or_other,Bible:Ps.42.4,Ps. xlii. 4
methodius,banquet,Judg,old_testament_or_other,Bible:Judg.9.8-Judg.9.15,"Judg. ix.
8–15"
methodius,banquet,2Cor,new_testament,Bible:2Cor.4.6,2 Cor. iv. 6
methodius,banquet,Gen,old_testament_or_other,Bible:Gen.3.7,Gen. iii. 7
methodius,banquet,Gen,old_testament_or_other,Bible:Gen.9.22,Gen. ix. 22
methodius,banquet,Jer,old_testament_or_other,Bible:Jer.8.13,Jer. viii. 13
methodius,banquet,Joel,old_testament_or_other,Bible:Joel.2.22,Joel ii. 22
methodius,banquet,1Kgs,old_testament_or_other,Bible:1Kgs.19.4,1 Kings xix. 4
methodius,banquet,Gen,old_testament_or_other,Bible:Gen.5.29,Gen. v. 29
methodius,banquet,Exod,old_testament_or_other,Bible:Exod.7.11,Exod. vii. 11
methodius,banquet,2Cor,new_testament,Bible:2Cor.11.14,2 Cor. xi. 14
methodius,banquet,Jer,old_testament_or_other,Bible:Jer.24.3,Jer. xxiv. 3
methodius,banquet,Ps,old_testament_or_other,Bible:Ps.4.15,Ps. civ. 15
methodius,banquet,Deut,old_testament_or_other,Bible:Deut.32.33,Deut. xxxii. 33
methodius,banquet,Joel,old_testament_or_other,Bible:Joel.2.21-Joel.2.23,"Joel ii.
21–23"
methodius,banquet,Matt,new_testament,Bible:Matt.21.19,Matt. xxi. 19
methodius,banquet,John,new_testament,Bible:John.15.1,John xv. 1
methodius,banquet,2Kgs,old_testament_or_other,Bible:2Kgs.20.7 Bible:Isa.38.21,"2 Kings xx. 7; Isa. xxxviii.
21"
methodius,banquet,Gal,new_testament,Bible:Gal.5.22-Gal.5.23,"Gal. v. 22, 23"
methodius,banquet,Mic,old_testament_or_other,Bible:Mic.4.4,Micah iv. 4
methodius,banquet,Zech,old_testament_or_other,Bible:Zech.4.1-Zech.4.3,"Zech. iv.
1–3"
methodius,banquet,Zech,old_testament_or_other,Bible:Zech.4.14,ver. 14
methodius,banquet,Wis,deuterocanonical,Bible:Wis.7.9,Wisd. vii. 9
methodius,banquet,Matt,new_testament,Bible:Matt.19.11,Matt. xix. 11
methodius,banquet,Ps,old_testament_or_other,Bible:Ps.45.10,Ps. xlv. 10
methodius,banquet,Matt,new_testament,Bible:Matt.25.11,Matt. xxv. 11
methodius,banquet,Gen,old_testament_or_other,Bible:Gen.4.10,Gen. iv. 10
methodius,banquet,Gen,old_testament_or_other,Bible:Gen.39.12,Gen. xxxix. 12
methodius,banquet,Judg,old_testament_or_other,Bible:Judg.8,Jud. viii
methodius,banquet,Matt,new_testament,Bible:Matt.1.18,Matt. i. 18
methodius,banquet,Matt,new_testament,Bible:Matt.5.8,Matt. v. 8
methodius,banquet,Gen,old_testament_or_other,Bible:Gen.3.15,Gen. iii. 15
methodius,banquet,Rev,new_testament,Bible:Rev.12.3,verse 3
methodius,banquet,John,new_testament,Bible:John.1.18,John i. 18
methodius,banquet,Gen,old_testament_or_other,Bible:Gen.4.5,Gen. iv. 5
methodius,banquet,Gen,old_testament_or_other,Bible:Gen.27.41,Gen. xxvii. 41
methodius,banquet,Gen,old_testament_or_other,Bible:Gen.37.4,Gen. xxxvii. 4
methodius,banquet,Job,old_testament_or_other,Bible:Job.38.11,Job xxxviii. 11
methodius,banquet,Jer,old_testament_or_other,Bible:Jer.12.1,Jer. xii. 1
methodius,banquet,Jer,old_testament_or_other,Bible:Jer.13.23,Jer. xiii. 23
methodius,resurrection,Gen,old_testament_or_other,Bible:Gen.3.21,Gen. iii. 21
methodius,resurrection,Gen,old_testament_or_other,Bible:Gen.2.23-Gen.2.24,"Gen. ii. 23, 24"
methodius,resurrection,Matt,new_testament,Bible:Matt.19.4-Matt.19.5,"Matt. xix. 4, 5"
methodius,resurrection,Deut,old_testament_or_other,Bible:Deut.32.39,Deut. xxxii. 39
methodius,resurrection,Heb,new_testament,Bible:Heb.12.15,Heb. xii. 15
methodius,resurrection,Jer,old_testament_or_other,Bible:Jer.18.3-Jer.18.6,"Jer. xviii.
3–6"
methodius,resurrection,Wis,deuterocanonical,Bible:Wis.1.14,Wisd. i. 14
methodius,resurrection,Rom,new_testament,Bible:Rom.8.19-Rom.8.21,"Rom. viii.
19–21"
methodius,resurrection,Isa,old_testament_or_other,Bible:Isa.52.2,Isa. lii. 2
methodius,resurrection,Isa,old_testament_or_other,Bible:Isa.66.22,Isa. lxvi. 22
methodius,resurrection,Isa,old_testament_or_other,Bible:Isa.45.18,Isa. xlv. 18
methodius,resurrection,Matt,new_testament,Bible:Matt.24.35,Matt. xxiv. 35
methodius,resurrection,Isa,old_testament_or_other,Bible:Isa.51.6,Isa. li. 6
methodius,resurrection,1Cor,new_testament,Bible:1Cor.7.31,1 Cor. vii. 31
methodius,resurrection,Ps,old_testament_or_other,Bible:Ps.4.30,Ps. civ. 30
methodius,resurrection,Matt,new_testament,Bible:Matt.22.30,Matt. xxii. 30
methodius,resurrection,Wis,deuterocanonical,Bible:Wis.2.23,Wisd. ii. 23
methodius,resurrection,Matt,new_testament,Bible:Matt.22.23,Matt. xxii. 23
methodius,resurrection,Ps,old_testament_or_other,Bible:Ps.8.5,Ps. viii. 5
methodius,resurrection,Amos,old_testament_or_other,Bible:Amos.9.11,Amos ix. 11
methodius,resurrection,Dan,old_testament_or_other,Bible:Dan.12.2,Dan. xii. 2
methodius,resurrection,Jer,old_testament_or_other,Bible:Jer.8.4,Jer. viii. 4
methodius,resurrection,1Cor,new_testament,Bible:1Cor.15.53,1 Cor. xv. 53
methodius,resurrection,1Cor,new_testament,Bible:1Cor.5.42,1 Cor. v. 42
methodius,resurrection,1Cor,new_testament,Bible:1Cor.15.49,1 Cor. xv. 49
methodius,resurrection,Gen,old_testament_or_other,Bible:Gen.3.19,Gen. iii. 19
methodius,resurrection,Rom,new_testament,Bible:Rom.6.4,Rom. vi. 4
methodius,resurrection,1Cor,new_testament,Bible:1Cor.15.22,1 Cor. xv. 22
methodius,resurrection,1Cor,new_testament,Bible:1Cor.15.50,1 Cor. xv. 50
methodius,resurrection,1Cor,new_testament,Bible:1Cor.15.54,1 Cor. xv. 54
methodius,resurrection,Ezek,old_testament_or_other,Bible:Ezek.37.4,Ezek. xxxvii. 4
methodius,resurrection,Wis,deuterocanonical,Bible:Wis.16.24,Wisd. xvi. 24
methodius,resurrection,1Cor,new_testament,Bible:1Cor.3.7,1 Cor. iii. 7
methodius,resurrection,John,new_testament,Bible:John.5.17,John v. 17
methodius,resurrection,2Cor,new_testament,Bible:2Cor.12.2-2Cor.12.3,"2 Cor. xii. 2, 3"
methodius,resurrection,Rom,new_testament,Bible:Rom.7.15,Rom. vii. 15
methodius,resurrection,Rom,new_testament,Bible:Rom.7.9,Rom. vii. 9
methodius,resurrection,Rom,new_testament,Bible:Rom.7.7,Rom. vii. 7
methodius,resurrection,Gen,old_testament_or_other,Bible:Gen.2.17,Gen. ii. 17
methodius,resurrection,Rom,new_testament,Bible:Rom.7.8,Rom. vii. 8
methodius,resurrection,Rom,new_testament,Bible:Rom.7.9-Rom.7.10,"Rom. vii. 9, 10"
methodius,resurrection,Rom,new_testament,Bible:Rom.7.12,Rom. vii. 12
methodius,resurrection,Rom,new_testament,Bible:Rom.7.13,Rom. vii. 13
methodius,resurrection,Rom,new_testament,Bible:Rom.7.14,Rom. vii. 14
methodius,resurrection,Jer,old_testament_or_other,Bible:Jer.21.8,Jer. xxi. 8
methodius,resurrection,Sir,deuterocanonical,Bible:Sir.15.8,Ecclus. xv. 8
methodius,resurrection,Deut,old_testament_or_other,Bible:Deut.30.15,Deut. xxx. 15
methodius,resurrection,Rom,new_testament,Bible:Rom.7.19,Rom. vii. 19
methodius,resurrection,Ps,old_testament_or_other,Bible:Ps.19.12-Ps.19.13,"Ps. xix. 12, 13"
methodius,resurrection,2Cor,new_testament,Bible:2Cor.10.5,2 Cor. x. 5
methodius,resurrection,1Cor,new_testament,Bible:1Cor.11.1,1 Cor. xi. 1
methodius,resurrection,Eph,new_testament,Bible:Eph.6.12,Eph. vi. 12
methodius,resurrection,Rom,new_testament,Bible:Rom.7.15-Rom.7.18,"Rom. vii.
15–18"
methodius,resurrection,Rom,new_testament,Bible:Rom.7.23,Rom. vii. 23
methodius,resurrection,Ps,old_testament_or_other,Bible:Ps.19.12,Ps. xix. 12
methodius,resurrection,Rom,new_testament,Bible:Rom.7.22-Rom.7.24,"Rom. vii.
22–24"
methodius,resurrection,Rom,new_testament,Bible:Rom.7.25,Rom. vii. 25
methodius,resurrection,Rom,new_testament,Bible:Rom.8.2 Bible:Rom.8.11 Bible:Rom.8.3 Bible:Rom.8.4,"Rom. viii. 2, 11, 3,
4"
methodius,resurrection,2Cor,new_testament,Bible:2Cor.5.1,2 Cor. v. 1
methodius,resurrection,Luke,new_testament,Bible:Luke.16.9,Luke xvi. 9
methodius,resurrection,2Cor,new_testament,Bible:2Cor.5.2-2Cor.5.3,"2 Cor. v. 2, 3"
methodius,resurrection,1John,new_testament,Bible:1John.5.19,1 John v. 19
methodius,resurrection,2Cor,new_testament,Bible:2Cor.5.4,2 Cor. v. 4
methodius,resurrection,2Cor,new_testament,Bible:2Cor.5.7,2 Cor. v. 7
methodius,resurrection,1Cor,new_testament,Bible:1Cor.15.42,1 Cor. xv. 42
methodius,resurrection,Rev,new_testament,Bible:Rev.20.13,Rev. xx. 13
methodius,resurrection,Ps,old_testament_or_other,Bible:Ps.22.15,Ps. xxii. 15
methodius,resurrection,1Cor,new_testament,Bible:1Cor.11.7,1 Cor. xi. 7
methodius,resurrection,Phil,new_testament,Bible:Phil.3.21,Phil. iii. 21
methodius,resurrection,Dan,old_testament_or_other,Bible:Dan.9.23,Dan. ix. 23
methodius,resurrection,Rev,new_testament,Bible:Rev.1.5,Rev. i. 5
methodius,resurrection,Luke,new_testament,Bible:Luke.16.28,Luke xvi. 28
methodius,resurrection,1Sam,old_testament_or_other,Bible:1Sam.28.12,1 Sam. xxviii. 12
methodius,resurrection,John,new_testament,Bible:John.1.18,John i. 18
methodius,resurrection,Rom,new_testament,Bible:Rom.14.9,Rom. xiv. 9
methodius,resurrection,Matt,new_testament,Bible:Matt.12.40,Matt. xii. 40
methodius,resurrection,Matt,new_testament,Bible:Matt.7.6,Matt. vii. 6
methodius,resurrection,Gen,old_testament_or_other,Bible:Gen.1.1,Gen. i. 1
methodius,resurrection,Prov,old_testament_or_other,Bible:Prov.8.22,Prov. viii. 22
methodius,resurrection,John,new_testament,Bible:John.1.1-John.1.2,"John i. 1, 2"
methodius,resurrection,Ps,old_testament_or_other,Bible:Ps.90.2 Bible:Ps.90.4,"Ps. xc. 2, 4"
methodius,resurrection,Sir,deuterocanonical,Bible:Sir.1.2,Ecclus. i. 2
methodius,resurrection,Phil,new_testament,Bible:Phil.2.5,Phil. ii. 5
methodius,orations,2Cor,new_testament,Bible:2Cor.3.18,2 Cor. iii. 18
methodius,orations,2Cor,new_testament,Bible:2Cor.5.17,2 Cor. v. 17
methodius,orations,2Sam,old_testament_or_other,Bible:2Sam.6.7,2 Sam. vi. 7
methodius,orations,Matt,new_testament,Bible:Matt.11.28,Matt. xi. 28
methodius,orations,2Sam,old_testament_or_other,Bible:2Sam.6.10,2 Sam. vi. 10
methodius,orations,John,new_testament,Bible:John.1.11 Bible:Ps.50.3,"John i. 11; Ps. l.
3"
methodius,orations,Ps,old_testament_or_other,Bible:Ps.50,Ps. l
methodius,orations,John,new_testament,Bible:John.1,"John
i"
methodius,orations,Sir,deuterocanonical,Bible:Sir.1.10,Ecclus. i. 10
methodius,orations,Rom,new_testament,Bible:Rom.9.5,Rom. ix. 5
methodius,orations,Isa,old_testament_or_other,Bible:Isa.6.1-Isa.6.9,Isa. vi. 1–9
methodius,orations,Prov,old_testament_or_other,Bible:Prov.8.9,Prov. viii. 9
methodius,orations,Eph,new_testament,Bible:Eph.1.5,"Eph. i.
5"
methodius,orations,2Cor,new_testament,Bible:2Cor.5.19,2 Cor. v. 19
methodius,orations,2Sam,old_testament_or_other,Bible:2Sam.6.14,2 Sam. vi. 14
methodius,orations,Hab,old_testament_or_other,Bible:Hab.3.3,Hab. iii. 3
methodius,orations,Exod,old_testament_or_other,Bible:Exod.15.2,Exod. xv. 2
methodius,orations,Exod,old_testament_or_other,Bible:Exod.31.19,Exod. xxxi. 19
methodius,orations,Rom,new_testament,Bible:Rom.11.33,Rom. xi. 33
methodius,orations,Luke,new_testament,Bible:Luke.11.24,Luke xi. 24
methodius,orations,Isa,old_testament_or_other,Bible:Isa.66.7,Isa. lxvi. 7
methodius,orations,Luke,new_testament,Bible:Luke.2.22,"Luke ii.
22"
methodius,orations,Isa,old_testament_or_other,Bible:Isa.6.3,Isa. vi. 3
methodius,orations,Hab,old_testament_or_other,Bible:Hab.3.2,Hab. iii. 2
methodius,orations,Exod,old_testament_or_other,Bible:Exod.25.22,Exod. xxv. 22
methodius,orations,Gal,new_testament,Bible:Gal.4.4-Gal.4.5,"Gal. iv. 4, 5"
methodius,orations,Hab,old_testament_or_other,Bible:Hab.2.20,Hab. ii. 20
methodius,orations,Ps,old_testament_or_other,Bible:Ps.96.9,Ps. xcvi. 9
methodius,orations,Luke,new_testament,Bible:Luke.2.14,Luke ii. 14
methodius,orations,Isa,old_testament_or_other,Bible:Isa.6,Isa. vi.
methodius,orations,Ps,old_testament_or_other,Bible:Ps.72.18-Ps.72.19,"Ps. lxxii. 18, 19"
methodius,orations,1Tim,new_testament,Bible:1Tim.6.16,"1
Tim. vi. 16"
methodius,orations,Song,old_testament_or_other,Bible:Song.2.16-Song.2.17,"Cant. ii. 16, 17"
methodius,orations,Ps,old_testament_or_other,Bible:Ps.97.11,Ps. xcvii. 11
methodius,orations,Mark,new_testament,Bible:Mark.1.22,"Mark i.
22"
methodius,orations,Exod,old_testament_or_other,Bible:Exod.3.23,Exod. iii. 23
methodius,orations,Isa,old_testament_or_other,Bible:Isa.43.10,Isa. xliii. 10
methodius,orations,Wis,deuterocanonical,Bible:Wis.15.3,Wisd. xv. 3
methodius,orations,Ps,old_testament_or_other,Bible:Ps.18.22 Bible:Isa.28.16 Bible:1Pet.2.6,"Ps. cxviii. 22; Isa. xxviii.
16; 1 Pet. ii. 6"
methodius,orations,Acts,new_testament,Bible:Acts.18.28,Acts xviii. 28
methodius,orations,Exod,old_testament_or_other,Bible:Exod.15.2 Bible:Isa.25.1 Bible:Ps.4.1,"Exod. xv. 2; Isa. xxv. 1; Ps.
civ. 1"
methodius,orations,Isa,old_testament_or_other,Bible:Isa.42.7 Bible:Luke.1.79,"Isa. xlii. 7; Luke i.
79"
methodius,orations,1Tim,new_testament,Bible:1Tim.1.17 Bible:Ps.45.2,"1 Tim. i. 17; Ps. xlv.
2"
methodius,orations,Isa,old_testament_or_other,Bible:Isa.11.5,Isa. xi. 5
methodius,orations,Isa,old_testament_or_other,Bible:Isa.45.8,Isa. xlv. 8
methodius,orations,2Cor,new_testament,Bible:2Cor.7.4,2 Cor. vii. 4
methodius,orations,Exod,old_testament_or_other,Bible:Exod.3.2,Exod. iii. 2
methodius,orations,Dan,old_testament_or_other,Bible:Dan.3.21,Dan. iii. 21
methodius,orations,Exod,old_testament_or_other,Bible:Exod.19.16,Exod. xix. 16
methodius,orations,Ps,old_testament_or_other,Bible:Ps.6.6,Ps. vi. 6
methodius,orations,Luke,new_testament,Bible:Luke.2.29-Luke.2.32,"Luke ii.
29–32"
methodius,orations,Song,old_testament_or_other,Bible:Song.8.6,Cant. viii. 6
methodius,orations,Ps,old_testament_or_other,Bible:Ps.98.2,Ps. xcviii. 2
methodius,orations,Isa,old_testament_or_other,Bible:Isa.9.2 Bible:Isa.42.7 Bible:Luke.1.79,"Isa. ix. 2; xlii. 7; Luke i.
79"
methodius,orations,Ps,old_testament_or_other,Bible:Ps.36.9,Ps. xxxvi. 9
methodius,orations,Mark,new_testament,Bible:Mark.2.10,Mark ii. 10
methodius,orations,Col,new_testament,Bible:Col.2.4,Col. ii. 4
methodius,orations,Isa,old_testament_or_other,Bible:Isa.63.9,Isa. lxiii. 9
methodius,orations,Titus,new_testament,Bible:Titus.3.5,Tit. iii. 5
methodius,orations,John,new_testament,Bible:John.4.9,John iv. 9
methodius,orations,2Cor,new_testament,Bible:2Cor.3.6,2 Cor. iii. 6
methodius,orations,Ps,old_testament_or_other,Bible:Ps.46.4-Ps.46.5,"Ps. xlvi. 4, 5"
methodius,orations,Exod,old_testament_or_other,Bible:Exod.17.6,Exod. xvii. 6
methodius,orations,Num,old_testament_or_other,Bible:Num.17.8,Num. xvii. 8
methodius,orations,Heb,new_testament,Bible:Heb.9.4,Heb. ix. 4
methodius,orations,Exod,old_testament_or_other,Bible:Exod.25.8,Exod. xxv. 8
methodius,orations,2Kgs,old_testament_or_other,Bible:2Kgs.2.11,2 Kings ii. 11
methodius,orations,Sir,deuterocanonical,Bible:Sir.48.1,"Ecclus. xlviii.
1"
methodius,orations,2Kgs,old_testament_or_other,Bible:2Kgs.2.20 Bible:2Kgs.4.41 Bible:2Kgs.5,"2 Kings ii. 20; iv. 41;
v"
methodius,orations,Isa,old_testament_or_other,Bible:Isa.40.1,Isa. xl. 1
methodius,orations,Heb,new_testament,Bible:Heb.1.3,Heb. i. 3
methodius,orations,Ezek,old_testament_or_other,Bible:Ezek.44.2,Ezek. xliv. 2
methodius,orations,Isa,old_testament_or_other,Bible:Isa.6.6,Isa. vi. 6
methodius,orations,Judg,old_testament_or_other,Bible:Judg.6.37,Judg. vi. 37
methodius,orations,2Sam,old_testament_or_other,Bible:2Sam.23.17,2 Sam. xxiii. 17
methodius,orations,Exod,old_testament_or_other,Bible:Exod.35.17,Exod. xxxv. 17
methodius,orations,Ps,old_testament_or_other,Bible:Ps.4.2,Ps. civ. 2
methodius,orations,Jer,old_testament_or_other,Bible:Jer.23.24,Jer. xxiii. 24
methodius,orations,Eph,new_testament,Bible:Eph.6.16,Ephes. vi. 16
methodius,orations,Exod,old_testament_or_other,Bible:Exod.20.12,Exod. xx. 12
methodius,orations,1Tim,new_testament,Bible:1Tim.1.17,1 Tim. i. 17
methodius,orations,Bar,deuterocanonical,Bible:Bar.3.24-Bar.3.25,"Baruch iii. 24, 25"
methodius,orations,Luke,new_testament,Bible:Luke.2.38,Luke ii. 38
methodius,orations,Deut,old_testament_or_other,Bible:Deut.18.15-Deut.18.19,"Deut. xviii.
15–19"
methodius,orations,Isa,old_testament_or_other,Bible:Isa.6.4,Isa. vi. 4
methodius,orations,Isa,old_testament_or_other,Bible:Isa.6.9 Bible:Acts.28.26,"Isa. vi. 9; Acts xxviii.
26"
methodius,orations,Ps,old_testament_or_other,Bible:Ps.46.8 Bible:Isa.7.11,"Ps. xlvi. 8; Isa. vii.
11"
methodius,orations,Luke,new_testament,Bible:Luke.2.32,Luke ii. 32
methodius,orations,Ps,old_testament_or_other,Bible:Ps.18.8,Ps. xviii. 8
methodius,orations,Sir,deuterocanonical,Bible:Sir.22.7,Ecclus. xxii. 7
methodius,orations,Matt,new_testament,Bible:Matt.23.38,Matt. xxiii. 38
methodius,orations,Matt,new_testament,Bible:Matt.17.7,Matt. xvii. 7
methodius,orations,Isa,old_testament_or_other,Bible:Isa.6.3-Isa.6.4 Bible:Isa.1,"Isa. vi. 3, 4; i"
methodius,orations,Ps,old_testament_or_other,Bible:Ps.48.2 Bible:Matt.5.35 Bible:Isa.1.26,"Ps. xlviii. 2; Matt. v. 35;
Isa. i. 26"
methodius,orations,Isa,old_testament_or_other,Bible:Isa.60.1 Bible:Ps.87.3 Bible:Ps.32.16,"Isa. lx. 1; Ps. lxxxvii. 3;
Ps. cxxxii. 16"
methodius,orations,Isa,old_testament_or_other,Bible:Isa.12.6,Isa. xii. 6
methodius,orations,Heb,new_testament,Bible:Heb.2.16,Heb. ii. 16
methodius,orations,Luke,new_testament,Bible:Luke.12.49,Luke xii. 49
methodius,orations,Luke,new_testament,Bible:Luke.12.32,Luke xii. 32
methodius,orations,Isa,old_testament_or_other,Bible:Isa.54.1,Isa. liv. 1
methodius,orations,1Pet,new_testament,Bible:1Pet.2.9,1 Pet. ii. 9
methodius,orations,Ps,old_testament_or_other,Bible:Ps.84.8,Ps. lxxxiv. 8
methodius,orations,John,new_testament,Bible:John.6.27,John vi. 27
methodius,orations,Ps,old_testament_or_other,Bible:Ps.85.9 Bible:Ps.95.1 Bible:Ps.47.1,"Ps. lxxxv. 9; xcv. 1; xlvii.
1"
methodius,orations,Luke,new_testament,Bible:Luke.19.27,Luke xix. 27
methodius,orations,Ps,old_testament_or_other,Bible:Ps.62.8,Ps. lxii. 8
methodius,orations,Ps,old_testament_or_other,Bible:Ps.18.26 Bible:Matt.21.9 Bible:Mark.11.9 Bible:Luke.19.38 Bible:John.12.13,"Ps. cxviii. 26; Matt. xxi. 9;
Mark xi. 9; Luke xix. 38; John xii. 13"
methodius,orations,Gen,old_testament_or_other,Bible:Gen.27.29,Gen. xxvii. 29
methodius,orations,Ps,old_testament_or_other,Bible:Ps.48.11-Ps.48.12,"Ps. cxlviii. 11,
12"
methodius,orations,Ps,old_testament_or_other,Bible:Ps.8.2,Ps. viii. 2
methodius,orations,Mal,old_testament_or_other,Bible:Mal.4.6 Bible:Luke.1.17,"Mal. iv. 6; Luke i.
17"
methodius,orations,Luke,new_testament,Bible:Luke.10.24,Luke x. 24
methodius,orations,Gal,new_testament,Bible:Gal.2.9,Gal. ii. 9
methodius,orations,Ps,old_testament_or_other,Bible:Ps.68.4 Bible:Ps.68.34,"Ps. lxviii. 4, 34"
methodius,orations,Matt,new_testament,Bible:Matt.21.5,Matt. xxi. 5
methodius,orations,Gen,old_testament_or_other,Bible:Gen.49.10,Gen. xlix. 10
methodius,orations,Ps,old_testament_or_other,Bible:Ps.48.9,Ps. cxlviii. 9
methodius,orations,Ezek,old_testament_or_other,Bible:Ezek.3.22,Ezek. iii. 22
methodius,orations,Luke,new_testament,Bible:Luke.19.37-Luke.19.38,"Luke xix. 37, 38"
methodius,orations,Matt,new_testament,Bible:Matt.21.10,Matt. xxi. 10
methodius,orations,John,new_testament,Bible:John.1.5,John i. 5
methodius,orations,Isa,old_testament_or_other,Bible:Isa.42.18-Isa.42.20,"Isa. xlii.
18–20"
methodius,orations,John,new_testament,Bible:John.9,John ix
methodius,orations,John,new_testament,Bible:John.5.5,John v. 5
methodius,orations,John,new_testament,Bible:John.11.44,John xi. 44
methodius,orations,Matt,new_testament,Bible:Matt.14.26,Matt. xiv. 26
methodius,orations,John,new_testament,Bible:John.2.7,John ii. 7
methodius,orations,John,new_testament,Bible:John.6.11,John vi. 11
methodius,orations,Luke,new_testament,Bible:Luke.8.29,Luke viii. 29
methodius,orations,Dan,old_testament_or_other,Bible:Dan.3.56,Dan. iii. 56
methodius,orations,Matt,new_testament,Bible:Matt.21.15,Matt. xxi. 15
methodius,orations,Luke,new_testament,Bible:Luke.1.17,Luke i. 17
methodius,orations,John,new_testament,Bible:John.5.39,John v. 39
methodius,orations,Zech,old_testament_or_other,Bible:Zech.9.9,Zech. ix. 9
methodius,orations,Isa,old_testament_or_other,Bible:Isa.6.10,Isa. vi. 10
methodius,orations,Matt,new_testament,Bible:Matt.12.27,Matt. xii. 27
methodius,orations,Isa,old_testament_or_other,Bible:Isa.29.22 Bible:Isa.29.24,"Isa. xxix. 22, 24"
methodius,orations,Luke,new_testament,Bible:Luke.2.29,Luke ii. 29
methodius,orations,1Pet,new_testament,Bible:1Pet.5.4,1 Pet. v. 4
methodius,orations,Matt,new_testament,Bible:Matt.12.29,Matt. xii. 29
methodius,orations,1Cor,new_testament,Bible:1Cor.1.21,1 Cor. i. 21
methodius,orations,Isa,old_testament_or_other,Bible:Isa.9.6,Isa. ix. 6
methodius,orations,Ps,old_testament_or_other,Bible:Ps.35.10,Ps. xxxv. 10
methodius,orations,Luke,new_testament,Bible:Luke.10.34,Luke x. 34
methodius,orations,Matt,new_testament,Bible:Matt.21.14-Matt.21.16,"Matt. xxi.
14–16"
methodius,orations,Isa,old_testament_or_other,Bible:Isa.42.8,Isa. xlii. 8
methodius,orations,John,new_testament,Bible:John.10.33,John x. 33
methodius,orations,Joel,old_testament_or_other,Bible:Joel.2.13,Joel ii. 13
methodius,orations,Jas,new_testament,Bible:Jas.1.18,James i. 18
methodius,orations,Isa,old_testament_or_other,Bible:Isa.52.6,Isa. lii. 6
methodius,orations,John,new_testament,Bible:John.15.23,John xv. 23
methodius,orations,John,new_testament,Bible:John.16.28,John xvi. 28
methodius,orations,Ps,old_testament_or_other,Bible:Ps.67.5,Ps. clxvii. 5
methodius,orations,Exod,old_testament_or_other,Bible:Exod.11.7,Exod. xi. 7
methodius,orations,Phil,new_testament,Bible:Phil.2.10,Phil. ii. 10
methodius,orations,Job,old_testament_or_other,Bible:Job.21.22 Bible:Job.22.2,"Job xxi. 22; xxii.
2"
methodius,orations,Isa,old_testament_or_other,Bible:Isa.49.9,Isa. xlix. 9
methodius,orations,Job,old_testament_or_other,Bible:Job.40.3,Job xl. 3
methodius,orations,Wis,deuterocanonical,Bible:Wis.12.1,Wisd. xii. 1
methodius,orations,John,new_testament,Bible:John.1.9,John i. 9
arnobius,against_heathen,1Cor,new_testament,Bible:1Cor.15.6,1 Cor. xv. 6
arnobius,against_heathen,1Cor,new_testament,Bible:1Cor.3.19,1 Cor. iii. 19
arnobius,against_heathen,Matt,new_testament,Bible:Matt.5.39,Matt. v. 39
arnobius,against_heathen,John,new_testament,Bible:John.2.25,John ii. 25
arnobius,against_heathen,Matt,new_testament,Bible:Matt.27.51,xxvii. 51
arnobius,against_heathen,Luke,new_testament,Bible:Luke.23.45,xxiii. 45
arnobius,against_heathen,John,new_testament,Bible:John.8.46,John viii. 46
arnobius,against_heathen,Col,new_testament,Bible:Col.1.21-Col.1.22,"Col. i. 21, 22"
arnobius,against_heathen,John,new_testament,Bible:John.17.24,"John xvii.
24"
arnobius,against_heathen,Ps,old_testament_or_other,Bible:Ps.48,Ps. xlviii.
arnobius,against_heathen,John,new_testament,Bible:John.17.3,John xvii. 3
arnobius,against_heathen,John,new_testament,Bible:John.4.13-John.4.15,"John iv.
13–15"
arnobius,against_heathen,John,new_testament,Bible:John.6.35-John.6.37,"John
vi. 35–37"
arnobius,against_heathen,John,new_testament,Bible:John.10.9 Bible:John.14.6,John x. 9 and xiv. 6
arnobius,against_heathen,1Kgs,old_testament_or_other,Bible:1Kgs.18.27,1 Kings xviii. 27
arnobius,against_heathen,John,new_testament,Bible:John.10.35,John x. 35
arnobius,against_heathen,1Tim,new_testament,Bible:1Tim.4.7,1 Tim. iv. 7
arnobius,against_heathen,Isa,old_testament_or_other,Bible:Isa.40.18-Isa.40.20 Bible:Isa.44.9-Isa.44.20 Bible:Isa.46.5-Isa.46.8,"Isa. xl. 18–20; xliv.
9–20; xlvi. 5–8"
arnobius,against_heathen,Ps,old_testament_or_other,Bible:Ps.15.4-Ps.15.8,Ps. cxv. 4–8
arnobius,against_heathen,Mark,new_testament,Bible:Mark.10.42-Mark.10.43,"Mark x. 42, 43"
arnobius,against_heathen,1Pet,new_testament,Bible:1Pet.2.17,1 Pet. ii. 17
arnobius,against_heathen,Exod,old_testament_or_other,Bible:Exod.29.13-Exod.29.14,"Exod. xxix. 13, 14"
arnobius,against_heathen,Lev,old_testament_or_other,Bible:Lev.10.10 Bible:Ezek.22.26 Bible:Lev.11 Bible:Acts.10.15 Bible:Rom.14.14 Bible:Luke.11.41,"Lev. x. 10 and Ezek. xxii. 26; Lev. xi. and Acts
x. 15; Rom. xiv. 14 and Luke xi. 41"
arnobius,against_heathen,Rev,new_testament,Bible:Rev.1.13,Rev. i. 13
arnobius,against_heathen,Rom,new_testament,Bible:Rom.8.3-Rom.8.39,"Rom. viii.
3–39"
arnobius,against_heathen,Rev,new_testament,Bible:Rev.14.13,Rev. xiv. 13
arnobius,against_heathen,2Tim,new_testament,Bible:2Tim.4.8,2 Tim. iv. 8
arnobius,against_heathen,Rom,new_testament,Bible:Rom.8.19,Rom. viii. 19
